This is pdfTeX, Version 3.141592653-2.6-1.40.25 (TeX Live 2023/Debian) (preloaded format=pdflatex 2026.3.17)  31 MAY 2026 22:12
entering extended mode
 restricted \write18 enabled.
 %&-line parsing enabled.
**main
(./main.tex
LaTeX2e <2023-11-01> patch level 1
L3 programming layer <2024-01-22>
(/usr/share/texlive/texmf-dist/tex/latex/base/report.cls
Document Class: report 2023/05/17 v1.4n Standard LaTeX document class
(/usr/share/texlive/texmf-dist/tex/latex/base/size12.clo
File: size12.clo 2023/05/17 v1.4n Standard LaTeX file (size option)
)
\c@part=\count187
\c@chapter=\count188
\c@section=\count189
\c@subsection=\count190
\c@subsubsection=\count191
\c@paragraph=\count192
\c@subparagraph=\count193
\c@figure=\count194
\c@table=\count195
\abovecaptionskip=\skip48
\belowcaptionskip=\skip49
\bibindent=\dimen140
)
(/usr/share/texlive/texmf-dist/tex/latex/microtype/microtype.sty
Package: microtype 2023/03/13 v3.1a Micro-typographical refinements (RS)

(/usr/share/texlive/texmf-dist/tex/latex/graphics/keyval.sty
Package: keyval 2022/05/29 v1.15 key=value parser (DPC)
\KV@toks@=\toks17
)
(/usr/share/texlive/texmf-dist/tex/latex/etoolbox/etoolbox.sty
Package: etoolbox 2020/10/05 v2.5k e-TeX tools for LaTeX (JAW)
\etb@tempcnta=\count196
)
\MT@toks=\toks18
\MT@tempbox=\box51
\MT@count=\count197
LaTeX Info: Redefining \noprotrusionifhmode on input line 1059.
LaTeX Info: Redefining \leftprotrusion on input line 1060.
\MT@prot@toks=\toks19
LaTeX Info: Redefining \rightprotrusion on input line 1078.
LaTeX Info: Redefining \textls on input line 1368.
\MT@outer@kern=\dimen141
LaTeX Info: Redefining \textmicrotypecontext on input line 1988.
\MT@listname@count=\count198

(/usr/share/texlive/texmf-dist/tex/latex/microtype/microtype-pdftex.def
File: microtype-pdftex.def 2023/03/13 v3.1a Definitions specific to pdftex (RS)

LaTeX Info: Redefining \lsstyle on input line 902.
LaTeX Info: Redefining \lslig on input line 902.
\MT@outer@space=\skip50
)
Package microtype Info: Loading configuration file microtype.cfg.

(/usr/share/texlive/texmf-dist/tex/latex/microtype/microtype.cfg
File: microtype.cfg 2023/03/13 v3.1a microtype main configuration file (RS)
))
(/usr/share/texlive/texmf-dist/tex/latex/cmbright/cmbright.sty
Package: cmbright 2005/04/13 v8.1 (WaS)
LaTeX Font Info:    Redeclaring symbol font `operators' on input line 29.
LaTeX Font Info:    Overwriting symbol font `operators' in version `normal'
(Font)                  OT1/cmr/m/n --> OT1/cmbr/m/n on input line 29.
LaTeX Font Info:    Overwriting symbol font `operators' in version `bold'
(Font)                  OT1/cmr/bx/n --> OT1/cmbr/m/n on input line 29.
LaTeX Font Info:    Redeclaring symbol font `letters' on input line 30.
LaTeX Font Info:    Overwriting symbol font `letters' in version `normal'
(Font)                  OML/cmm/m/it --> OML/cmbrm/m/it on input line 30.
LaTeX Font Info:    Overwriting symbol font `letters' in version `bold'
(Font)                  OML/cmm/b/it --> OML/cmbrm/m/it on input line 30.
LaTeX Font Info:    Overwriting symbol font `letters' in version `bold'
(Font)                  OML/cmbrm/m/it --> OML/cmbrm/b/it on input line 31.
LaTeX Font Info:    Redeclaring symbol font `symbols' on input line 32.
LaTeX Font Info:    Overwriting symbol font `symbols' in version `normal'
(Font)                  OMS/cmsy/m/n --> OMS/cmbrs/m/n on input line 32.
LaTeX Font Info:    Overwriting symbol font `symbols' in version `bold'
(Font)                  OMS/cmsy/b/n --> OMS/cmbrs/m/n on input line 32.
LaTeX Font Info:    Redeclaring math alphabet \mathit on input line 33.
LaTeX Font Info:    Overwriting math alphabet `\mathit' in version `normal'
(Font)                  OT1/cmr/m/it --> OT1/cmbr/m/sl on input line 33.
LaTeX Font Info:    Overwriting math alphabet `\mathit' in version `bold'
(Font)                  OT1/cmr/bx/it --> OT1/cmbr/m/sl on input line 33.
LaTeX Font Info:    Redeclaring math alphabet \mathbf on input line 34.
LaTeX Font Info:    Overwriting math alphabet `\mathbf' in version `normal'
(Font)                  OT1/cmr/bx/n --> OT1/cmbr/bx/n on input line 34.
LaTeX Font Info:    Overwriting math alphabet `\mathbf' in version `bold'
(Font)                  OT1/cmr/bx/n --> OT1/cmbr/bx/n on input line 34.
LaTeX Font Info:    Redeclaring math alphabet \mathtt on input line 35.
LaTeX Font Info:    Overwriting math alphabet `\mathtt' in version `normal'
(Font)                  OT1/cmtt/m/n --> OT1/cmtl/m/n on input line 35.
LaTeX Font Info:    Overwriting math alphabet `\mathtt' in version `bold'
(Font)                  OT1/cmtt/m/n --> OT1/cmtl/m/n on input line 35.
LaTeX Font Info:    Redeclaring math symbol \alpha on input line 37.
LaTeX Font Info:    Redeclaring math symbol \beta on input line 38.
LaTeX Font Info:    Redeclaring math symbol \gamma on input line 39.
LaTeX Font Info:    Redeclaring math symbol \delta on input line 40.
LaTeX Font Info:    Redeclaring math symbol \epsilon on input line 41.
LaTeX Font Info:    Redeclaring math symbol \zeta on input line 42.
LaTeX Font Info:    Redeclaring math symbol \eta on input line 43.
LaTeX Font Info:    Redeclaring math symbol \theta on input line 44.
LaTeX Font Info:    Redeclaring math symbol \iota on input line 45.
LaTeX Font Info:    Redeclaring math symbol \kappa on input line 46.
LaTeX Font Info:    Redeclaring math symbol \lambda on input line 47.
LaTeX Font Info:    Redeclaring math symbol \mu on input line 48.
LaTeX Font Info:    Redeclaring math symbol \nu on input line 49.
LaTeX Font Info:    Redeclaring math symbol \xi on input line 50.
LaTeX Font Info:    Redeclaring math symbol \pi on input line 51.
LaTeX Font Info:    Redeclaring math symbol \rho on input line 52.
LaTeX Font Info:    Redeclaring math symbol \sigma on input line 53.
LaTeX Font Info:    Redeclaring math symbol \tau on input line 54.
LaTeX Font Info:    Redeclaring math symbol \upsilon on input line 55.
LaTeX Font Info:    Redeclaring math symbol \phi on input line 56.
LaTeX Font Info:    Redeclaring math symbol \chi on input line 57.
LaTeX Font Info:    Redeclaring math symbol \psi on input line 58.
LaTeX Font Info:    Redeclaring math symbol \omega on input line 59.
LaTeX Font Info:    Redeclaring math symbol \varepsilon on input line 60.
LaTeX Font Info:    Redeclaring math symbol \vartheta on input line 61.
LaTeX Font Info:    Redeclaring math symbol \varpi on input line 62.
LaTeX Font Info:    Redeclaring math symbol \varrho on input line 63.
LaTeX Font Info:    Redeclaring math symbol \varsigma on input line 64.
LaTeX Font Info:    Redeclaring math symbol \varphi on input line 65.
LaTeX Info: Redefining \LaTeX on input line 129.
LaTeX Info: Redefining \LaTeXe on input line 139.
LaTeX Font Info:    Trying to load font information for OT1+cmbr on input line 
144.

(/usr/share/texlive/texmf-dist/tex/latex/cmbright/ot1cmbr.fd
File: ot1cmbr.fd 2005/04/13 v8.1 (WaS)
))
(/usr/share/texlive/texmf-dist/tex/latex/base/inputenc.sty
Package: inputenc 2021/02/14 v1.3d Input encoding file
\inpenc@prehook=\toks20
\inpenc@posthook=\toks21
)
(/usr/share/texlive/texmf-dist/tex/latex/base/fontenc.sty
Package: fontenc 2021/04/29 v2.0v Standard LaTeX package
LaTeX Font Info:    Trying to load font information for T1+cmbr on input line 1
12.

(/usr/share/texlive/texmf-dist/tex/latex/cmbright/t1cmbr.fd
File: t1cmbr.fd 2005/04/13 v8.1 (WaS)
))
(/usr/share/texlive/texmf-dist/tex/latex/hyperref/hyperref.sty
Package: hyperref 2024-01-20 v7.01h Hypertext links for LaTeX

(/usr/share/texlive/texmf-dist/tex/generic/iftex/iftex.sty
Package: iftex 2022/02/03 v1.0f TeX engine tests
)
(/usr/share/texlive/texmf-dist/tex/latex/kvsetkeys/kvsetkeys.sty
Package: kvsetkeys 2022-10-05 v1.19 Key value parser (HO)
)
(/usr/share/texlive/texmf-dist/tex/generic/kvdefinekeys/kvdefinekeys.sty
Package: kvdefinekeys 2019-12-19 v1.6 Define keys (HO)
)
(/usr/share/texlive/texmf-dist/tex/generic/pdfescape/pdfescape.sty
Package: pdfescape 2019/12/09 v1.15 Implements pdfTeX's escape features (HO)

(/usr/share/texlive/texmf-dist/tex/generic/ltxcmds/ltxcmds.sty
Package: ltxcmds 2023-12-04 v1.26 LaTeX kernel commands for general use (HO)
)
(/usr/share/texlive/texmf-dist/tex/generic/pdftexcmds/pdftexcmds.sty
Package: pdftexcmds 2020-06-27 v0.33 Utility functions of pdfTeX for LuaTeX (HO
)

(/usr/share/texlive/texmf-dist/tex/generic/infwarerr/infwarerr.sty
Package: infwarerr 2019/12/03 v1.5 Providing info/warning/error messages (HO)
)
Package pdftexcmds Info: \pdf@primitive is available.
Package pdftexcmds Info: \pdf@ifprimitive is available.
Package pdftexcmds Info: \pdfdraftmode found.
))
(/usr/share/texlive/texmf-dist/tex/latex/hycolor/hycolor.sty
Package: hycolor 2020-01-27 v1.10 Color options for hyperref/bookmark (HO)
)
(/usr/share/texlive/texmf-dist/tex/latex/auxhook/auxhook.sty
Package: auxhook 2019-12-17 v1.6 Hooks for auxiliary files (HO)
)
(/usr/share/texlive/texmf-dist/tex/latex/hyperref/nameref.sty
Package: nameref 2023-11-26 v2.56 Cross-referencing by name of section

(/usr/share/texlive/texmf-dist/tex/latex/refcount/refcount.sty
Package: refcount 2019/12/15 v3.6 Data extraction from label references (HO)
)
(/usr/share/texlive/texmf-dist/tex/generic/gettitlestring/gettitlestring.sty
Package: gettitlestring 2019/12/15 v1.6 Cleanup title references (HO)

(/usr/share/texlive/texmf-dist/tex/latex/kvoptions/kvoptions.sty
Package: kvoptions 2022-06-15 v3.15 Key value format for package options (HO)
))
\c@section@level=\count199
)
\@linkdim=\dimen142
\Hy@linkcounter=\count266
\Hy@pagecounter=\count267

(/usr/share/texlive/texmf-dist/tex/latex/hyperref/pd1enc.def
File: pd1enc.def 2024-01-20 v7.01h Hyperref: PDFDocEncoding definition (HO)
Now handling font encoding PD1 ...
... no UTF-8 mapping file for font encoding PD1
)
(/usr/share/texlive/texmf-dist/tex/generic/intcalc/intcalc.sty
Package: intcalc 2019/12/15 v1.3 Expandable calculations with integers (HO)
)
\Hy@SavedSpaceFactor=\count268

(/usr/share/texlive/texmf-dist/tex/latex/hyperref/puenc.def
File: puenc.def 2024-01-20 v7.01h Hyperref: PDF Unicode definition (HO)
Now handling font encoding PU ...
... no UTF-8 mapping file for font encoding PU
)
Package hyperref Info: Option `colorlinks' set `true' on input line 4062.
Package hyperref Info: Hyper figures OFF on input line 4179.
Package hyperref Info: Link nesting OFF on input line 4184.
Package hyperref Info: Hyper index ON on input line 4187.
Package hyperref Info: Plain pages OFF on input line 4194.
Package hyperref Info: Backreferencing OFF on input line 4199.
Package hyperref Info: Implicit mode ON; LaTeX internals redefined.
Package hyperref Info: Bookmarks ON on input line 4446.
\c@Hy@tempcnt=\count269

(/usr/share/texlive/texmf-dist/tex/latex/url/url.sty
\Urlmuskip=\muskip16
Package: url 2013/09/16  ver 3.4  Verb mode for urls, etc.
)
LaTeX Info: Redefining \url on input line 4784.
\XeTeXLinkMargin=\dimen143

(/usr/share/texlive/texmf-dist/tex/generic/bitset/bitset.sty
Package: bitset 2019/12/09 v1.3 Handle bit-vector datatype (HO)

(/usr/share/texlive/texmf-dist/tex/generic/bigintcalc/bigintcalc.sty
Package: bigintcalc 2019/12/15 v1.5 Expandable calculations on big integers (HO
)
))
\Fld@menulength=\count270
\Field@Width=\dimen144
\Fld@charsize=\dimen145
Package hyperref Info: Hyper figures OFF on input line 6063.
Package hyperref Info: Link nesting OFF on input line 6068.
Package hyperref Info: Hyper index ON on input line 6071.
Package hyperref Info: backreferencing OFF on input line 6078.
Package hyperref Info: Link coloring ON on input line 6081.
Package hyperref Info: Link coloring with OCG OFF on input line 6088.
Package hyperref Info: PDF/A mode OFF on input line 6093.

(/usr/share/texlive/texmf-dist/tex/latex/base/atbegshi-ltx.sty
Package: atbegshi-ltx 2021/01/10 v1.0c Emulation of the original atbegshi
package with kernel methods
)
\Hy@abspage=\count271
\c@Item=\count272
\c@Hfootnote=\count273
)
Package hyperref Info: Driver (autodetected): hpdftex.

(/usr/share/texlive/texmf-dist/tex/latex/hyperref/hpdftex.def
File: hpdftex.def 2024-01-20 v7.01h Hyperref driver for pdfTeX

(/usr/share/texlive/texmf-dist/tex/latex/base/atveryend-ltx.sty
Package: atveryend-ltx 2020/08/19 v1.0a Emulation of the original atveryend pac
kage
with kernel methods
)
\Fld@listcount=\count274
\c@bookmark@seq@number=\count275

(/usr/share/texlive/texmf-dist/tex/latex/rerunfilecheck/rerunfilecheck.sty
Package: rerunfilecheck 2022-07-10 v1.10 Rerun checks for auxiliary files (HO)

(/usr/share/texlive/texmf-dist/tex/generic/uniquecounter/uniquecounter.sty
Package: uniquecounter 2019/12/15 v1.4 Provide unlimited unique counter (HO)
)
Package uniquecounter Info: New unique counter `rerunfilecheck' on input line 2
85.
)
\Hy@SectionHShift=\skip51
)
(/usr/share/texlive/texmf-dist/tex/latex/fancyhdr/fancyhdr.sty
Package: fancyhdr 2022/11/09 v4.1 Extensive control of page headers and footers

\f@nch@headwidth=\skip52
\f@nch@O@elh=\skip53
\f@nch@O@erh=\skip54
\f@nch@O@olh=\skip55
\f@nch@O@orh=\skip56
\f@nch@O@elf=\skip57
\f@nch@O@erf=\skip58
\f@nch@O@olf=\skip59
\f@nch@O@orf=\skip60
)
(/usr/share/texlive/texmf-dist/tex/latex/subfigure/subfigure.sty
Package: subfigure 2002/03/15 v2.1.5 subfigure package
\subfigtopskip=\skip61
\subfigcapskip=\skip62
\subfigcaptopadj=\dimen146
\subfigbottomskip=\skip63
\subfigcapmargin=\dimen147
\subfiglabelskip=\skip64
\c@subfigure=\count276
\c@lofdepth=\count277
\c@subtable=\count278
\c@lotdepth=\count279

****************************************
* Local config file subfigure.cfg used *
****************************************
(/usr/share/texlive/texmf-dist/tex/latex/subfigure/subfigure.cfg)
\subfig@top=\skip65
\subfig@bottom=\skip66
)
(/usr/share/texlive/texmf-dist/tex/latex/amsmath/amsmath.sty
Package: amsmath 2023/05/13 v2.17o AMS math features
\@mathmargin=\skip67

For additional information on amsmath, use the `?' option.
(/usr/share/texlive/texmf-dist/tex/latex/amsmath/amstext.sty
Package: amstext 2021/08/26 v2.01 AMS text

(/usr/share/texlive/texmf-dist/tex/latex/amsmath/amsgen.sty
File: amsgen.sty 1999/11/30 v2.0 generic functions
\@emptytoks=\toks22
\ex@=\dimen148
))
(/usr/share/texlive/texmf-dist/tex/latex/amsmath/amsbsy.sty
Package: amsbsy 1999/11/29 v1.2d Bold Symbols
\pmbraise@=\dimen149
)
(/usr/share/texlive/texmf-dist/tex/latex/amsmath/amsopn.sty
Package: amsopn 2022/04/08 v2.04 operator names
)
\inf@bad=\count280
LaTeX Info: Redefining \frac on input line 234.
\uproot@=\count281
\leftroot@=\count282
LaTeX Info: Redefining \overline on input line 399.
LaTeX Info: Redefining \colon on input line 410.
\classnum@=\count283
\DOTSCASE@=\count284
LaTeX Info: Redefining \ldots on input line 496.
LaTeX Info: Redefining \dots on input line 499.
LaTeX Info: Redefining \cdots on input line 620.
\Mathstrutbox@=\box52
\strutbox@=\box53
LaTeX Info: Redefining \big on input line 722.
LaTeX Info: Redefining \Big on input line 723.
LaTeX Info: Redefining \bigg on input line 724.
LaTeX Info: Redefining \Bigg on input line 725.
\big@size=\dimen150
LaTeX Font Info:    Redeclaring font encoding OML on input line 743.
LaTeX Font Info:    Redeclaring font encoding OMS on input line 744.
\macc@depth=\count285
LaTeX Info: Redefining \bmod on input line 905.
LaTeX Info: Redefining \pmod on input line 910.
LaTeX Info: Redefining \smash on input line 940.
LaTeX Info: Redefining \relbar on input line 970.
LaTeX Info: Redefining \Relbar on input line 971.
\c@MaxMatrixCols=\count286
\dotsspace@=\muskip17
\c@parentequation=\count287
\dspbrk@lvl=\count288
\tag@help=\toks23
\row@=\count289
\column@=\count290
\maxfields@=\count291
\andhelp@=\toks24
\eqnshift@=\dimen151
\alignsep@=\dimen152
\tagshift@=\dimen153
\tagwidth@=\dimen154
\totwidth@=\dimen155
\lineht@=\dimen156
\@envbody=\toks25
\multlinegap=\skip68
\multlinetaggap=\skip69
\mathdisplay@stack=\toks26
LaTeX Info: Redefining \[ on input line 2953.
LaTeX Info: Redefining \] on input line 2954.
)
(/usr/share/texlive/texmf-dist/tex/latex/amsfonts/amssymb.sty
Package: amssymb 2013/01/14 v3.01 AMS font symbols

(/usr/share/texlive/texmf-dist/tex/latex/amsfonts/amsfonts.sty
Package: amsfonts 2013/01/14 v3.01 Basic AMSFonts support
\symAMSa=\mathgroup4
\symAMSb=\mathgroup5
LaTeX Font Info:    Redeclaring math symbol \hbar on input line 98.
LaTeX Font Info:    Overwriting math alphabet `\mathfrak' in version `bold'
(Font)                  U/euf/m/n --> U/euf/b/n on input line 106.
))
(/usr/share/texlive/texmf-dist/tex/latex/graphics/graphicx.sty
Package: graphicx 2021/09/16 v1.2d Enhanced LaTeX Graphics (DPC,SPQR)

(/usr/share/texlive/texmf-dist/tex/latex/graphics/graphics.sty
Package: graphics 2022/03/10 v1.4e Standard LaTeX Graphics (DPC,SPQR)

(/usr/share/texlive/texmf-dist/tex/latex/graphics/trig.sty
Package: trig 2021/08/11 v1.11 sin cos tan (DPC)
)
(/usr/share/texlive/texmf-dist/tex/latex/graphics-cfg/graphics.cfg
File: graphics.cfg 2016/06/04 v1.11 sample graphics configuration
)
Package graphics Info: Driver file: pdftex.def on input line 107.

(/usr/share/texlive/texmf-dist/tex/latex/graphics-def/pdftex.def
File: pdftex.def 2022/09/22 v1.2b Graphics/color driver for pdftex
))
\Gin@req@height=\dimen157
\Gin@req@width=\dimen158
)
(/usr/share/texlive/texmf-dist/tex/latex/booktabs/booktabs.sty
Package: booktabs 2020/01/12 v1.61803398 Publication quality tables
\heavyrulewidth=\dimen159
\lightrulewidth=\dimen160
\cmidrulewidth=\dimen161
\belowrulesep=\dimen162
\belowbottomsep=\dimen163
\aboverulesep=\dimen164
\abovetopsep=\dimen165
\cmidrulesep=\dimen166
\cmidrulekern=\dimen167
\defaultaddspace=\dimen168
\@cmidla=\count292
\@cmidlb=\count293
\@aboverulesep=\dimen169
\@belowrulesep=\dimen170
\@thisruleclass=\count294
\@lastruleclass=\count295
\@thisrulewidth=\dimen171
)
(/usr/share/texlive/texmf-dist/tex/generic/babel/babel.sty
Package: babel 2024/01/07 v24.1 The Babel package
\babel@savecnt=\count296
\U@D=\dimen172
\l@unhyphenated=\language89

(/usr/share/texlive/texmf-dist/tex/generic/babel/txtbabel.def)
\bbl@readstream=\read2
\bbl@dirlevel=\count297

(/usr/share/texlive/texmf-dist/tex/generic/babel-english/english.ldf
Language: english 2017/06/06 v3.3r English support from the babel system
Package babel Info: Hyphen rules for 'canadian' set to \l@english
(babel)             (\language0). Reported on input line 102.
Package babel Info: Hyphen rules for 'australian' set to \l@ukenglish
(babel)             (\language21). Reported on input line 105.
Package babel Info: Hyphen rules for 'newzealand' set to \l@ukenglish
(babel)             (\language21). Reported on input line 108.
))
(/usr/share/texlive/texmf-dist/tex/generic/babel/locale/en/babel-english.tex
Package babel Info: Importing font and identification data for english
(babel)             from babel-en.ini. Reported on input line 11.
)
(/usr/share/texlive/texmf-dist/tex/latex/geometry/geometry.sty
Package: geometry 2020/01/02 v5.9 Page Geometry

(/usr/share/texlive/texmf-dist/tex/generic/iftex/ifvtex.sty
Package: ifvtex 2019/10/25 v1.7 ifvtex legacy package. Use iftex instead.
)
\Gm@cnth=\count298
\Gm@cntv=\count299
\c@Gm@tempcnt=\count300
\Gm@bindingoffset=\dimen173
\Gm@wd@mp=\dimen174
\Gm@odd@mp=\dimen175
\Gm@even@mp=\dimen176
\Gm@layoutwidth=\dimen177
\Gm@layoutheight=\dimen178
\Gm@layouthoffset=\dimen179
\Gm@layoutvoffset=\dimen180
\Gm@dimlist=\toks27
)
(/usr/share/texlive/texmf-dist/tex/latex/nomencl/nomencl.sty
Package: nomencl 2021/11/10 v5.6 Nomenclature package

(/usr/share/texlive/texmf-dist/tex/latex/xkeyval/xkeyval.sty
Package: xkeyval 2022/06/16 v2.9 package option processing (HA)

(/usr/share/texlive/texmf-dist/tex/generic/xkeyval/xkeyval.tex
(/usr/share/texlive/texmf-dist/tex/generic/xkeyval/xkvutils.tex
\XKV@toks=\toks28
\XKV@tempa@toks=\toks29
)
\XKV@depth=\count301
File: xkeyval.tex 2014/12/03 v2.7a key=value parser (HA)
))
(/usr/share/texlive/texmf-dist/tex/latex/base/ifthen.sty
Package: ifthen 2022/04/13 v1.1d Standard LaTeX ifthen package (DPC)
)
(/usr/share/texlive/texmf-dist/tex/latex/koma-script/tocbasic.sty
Package: tocbasic 2023/07/07 v3.41 KOMA-Script package (handling toc-files)

(/usr/share/texlive/texmf-dist/tex/latex/koma-script/scrbase.sty
Package: scrbase 2023/07/07 v3.41 KOMA-Script package (KOMA-Script-independent 
basics and keyval usage)

(/usr/share/texlive/texmf-dist/tex/latex/koma-script/scrlfile.sty
Package: scrlfile 2023/07/07 v3.41 KOMA-Script package (file load hooks)

(/usr/share/texlive/texmf-dist/tex/latex/koma-script/scrlfile-hook.sty
Package: scrlfile-hook 2023/07/07 v3.41 KOMA-Script package (using LaTeX hooks)


(/usr/share/texlive/texmf-dist/tex/latex/koma-script/scrlogo.sty
Package: scrlogo 2023/07/07 v3.41 KOMA-Script package (logo)
)))
Applying: [2021/05/01] Usage of raw or classic option list on input line 252.
Already applied: [0000/00/00] Usage of raw or classic option list on input line
 368.
)
\scr@dte@tocline@numberwidth=\skip70
\scr@dte@tocline@numbox=\box54
)
Package tocbasic Info: setting babel extension for `nlo' on input line 187.
Package tocbasic Info: setting babel extension for `nls' on input line 188.
\nomlabelwidth=\dimen181
\nom@tempdim=\dimen182
\nomitemsep=\skip71
)
(/usr/share/texlive/texmf-dist/tex/latex/appendix/appendix.sty
Package: appendix 2020/02/08 v1.2c extra appendix facilities
\c@@pps=\count302
\c@@ppsavesec=\count303
\c@@ppsaveapp=\count304
)
(/usr/share/texlive/texmf-dist/tex/latex/csquotes/csquotes.sty
Package: csquotes 2022-09-14 v5.2n context-sensitive quotations (JAW)
\csq@reset=\count305
\csq@gtype=\count306
\csq@glevel=\count307
\csq@qlevel=\count308
\csq@maxlvl=\count309
\csq@tshold=\count310
\csq@ltx@everypar=\toks30

(/usr/share/texlive/texmf-dist/tex/latex/csquotes/csquotes.def
File: csquotes.def 2022-09-14 v5.2n csquotes generic definitions (JAW)
)
Package csquotes Info: Trying to load configuration file 'csquotes.cfg'...
Package csquotes Info: ... configuration file loaded successfully.

(/usr/share/texlive/texmf-dist/tex/latex/csquotes/csquotes.cfg
File: csquotes.cfg 
))
(/usr/share/texlive/texmf-dist/tex/latex/lipsum/lipsum.sty
(/usr/share/texlive/texmf-dist/tex/latex/l3packages/l3keys2e/l3keys2e.sty
(/usr/share/texlive/texmf-dist/tex/latex/l3kernel/expl3.sty
Package: expl3 2024-01-22 L3 programming layer (loader) 

(/usr/share/texlive/texmf-dist/tex/latex/l3backend/l3backend-pdftex.def
File: l3backend-pdftex.def 2024-01-04 L3 backend support: PDF output (pdfTeX)
\l__color_backend_stack_int=\count311
\l__pdf_internal_box=\box55
))
Package: l3keys2e 2023-10-10 LaTeX2e option processing using LaTeX3 keys
)
Package: lipsum 2021-09-20 v2.7 150 paragraphs of Lorem Ipsum dummy text
\g__lipsum_par_int=\count312
\l__lipsum_a_int=\count313
\l__lipsum_b_int=\count314

(/usr/share/texlive/texmf-dist/tex/latex/lipsum/lipsum.ltd.tex))
(/usr/share/texlive/texmf-dist/tex/latex/moreverb/moreverb.sty
Package: moreverb 2008/06/03 v2.3a `more' verbatim facilities

(/usr/share/texlive/texmf-dist/tex/latex/tools/verbatim.sty
Package: verbatim 2023-11-06 v1.5v LaTeX2e package for verbatim enhancements
\every@verbatim=\toks31
\verbatim@line=\toks32
\verbatim@in@stream=\read3
)
\tab@position=\count315
\tab@size=\count316
\listing@line=\count317
)
(/usr/share/texlive/texmf-dist/tex/latex/tcolorbox/tcolorbox.sty
Package: tcolorbox 2024/01/10 version 6.2.0 text color boxes

(/usr/share/texlive/texmf-dist/tex/latex/pgf/basiclayer/pgf.sty
(/usr/share/texlive/texmf-dist/tex/latex/pgf/utilities/pgfrcs.sty
(/usr/share/texlive/texmf-dist/tex/generic/pgf/utilities/pgfutil-common.tex
\pgfutil@everybye=\toks33
\pgfutil@tempdima=\dimen183
\pgfutil@tempdimb=\dimen184
)
(/usr/share/texlive/texmf-dist/tex/generic/pgf/utilities/pgfutil-latex.def
\pgfutil@abb=\box56
)
(/usr/share/texlive/texmf-dist/tex/generic/pgf/utilities/pgfrcs.code.tex
(/usr/share/texlive/texmf-dist/tex/generic/pgf/pgf.revision.tex)
Package: pgfrcs 2023-01-15 v3.1.10 (3.1.10)
))
Package: pgf 2023-01-15 v3.1.10 (3.1.10)

(/usr/share/texlive/texmf-dist/tex/latex/pgf/basiclayer/pgfcore.sty
(/usr/share/texlive/texmf-dist/tex/latex/pgf/systemlayer/pgfsys.sty
(/usr/share/texlive/texmf-dist/tex/generic/pgf/systemlayer/pgfsys.code.tex
Package: pgfsys 2023-01-15 v3.1.10 (3.1.10)

(/usr/share/texlive/texmf-dist/tex/generic/pgf/utilities/pgfkeys.code.tex
\pgfkeys@pathtoks=\toks34
\pgfkeys@temptoks=\toks35

(/usr/share/texlive/texmf-dist/tex/generic/pgf/utilities/pgfkeyslibraryfiltered
.code.tex
\pgfkeys@tmptoks=\toks36
))
\pgf@x=\dimen185
\pgf@y=\dimen186
\pgf@xa=\dimen187
\pgf@ya=\dimen188
\pgf@xb=\dimen189
\pgf@yb=\dimen190
\pgf@xc=\dimen191
\pgf@yc=\dimen192
\pgf@xd=\dimen193
\pgf@yd=\dimen194
\w@pgf@writea=\write3
\r@pgf@reada=\read4
\c@pgf@counta=\count318
\c@pgf@countb=\count319
\c@pgf@countc=\count320
\c@pgf@countd=\count321
\t@pgf@toka=\toks37
\t@pgf@tokb=\toks38
\t@pgf@tokc=\toks39
\pgf@sys@id@count=\count322
 (/usr/share/texlive/texmf-dist/tex/generic/pgf/systemlayer/pgf.cfg
File: pgf.cfg 2023-01-15 v3.1.10 (3.1.10)
)
Driver file for pgf: pgfsys-pdftex.def
(/usr/share/texlive/texmf-dist/tex/generic/pgf/systemlayer/pgfsys-pdftex.def
File: pgfsys-pdftex.def 2023-01-15 v3.1.10 (3.1.10)

(/usr/share/texlive/texmf-dist/tex/generic/pgf/systemlayer/pgfsys-common-pdf.de
f
File: pgfsys-common-pdf.def 2023-01-15 v3.1.10 (3.1.10)
)))
(/usr/share/texlive/texmf-dist/tex/generic/pgf/systemlayer/pgfsyssoftpath.code.
tex
File: pgfsyssoftpath.code.tex 2023-01-15 v3.1.10 (3.1.10)
\pgfsyssoftpath@smallbuffer@items=\count323
\pgfsyssoftpath@bigbuffer@items=\count324
)
(/usr/share/texlive/texmf-dist/tex/generic/pgf/systemlayer/pgfsysprotocol.code.
tex
File: pgfsysprotocol.code.tex 2023-01-15 v3.1.10 (3.1.10)
)) (/usr/share/texlive/texmf-dist/tex/latex/xcolor/xcolor.sty
Package: xcolor 2023/11/15 v3.01 LaTeX color extensions (UK)

(/usr/share/texlive/texmf-dist/tex/latex/graphics-cfg/color.cfg
File: color.cfg 2016/01/02 v1.6 sample color configuration
)
Package xcolor Info: Driver file: pdftex.def on input line 274.

(/usr/share/texlive/texmf-dist/tex/latex/graphics/mathcolor.ltx)
Package xcolor Info: Model `cmy' substituted by `cmy0' on input line 1350.
Package xcolor Info: Model `hsb' substituted by `rgb' on input line 1354.
Package xcolor Info: Model `RGB' extended on input line 1366.
Package xcolor Info: Model `HTML' substituted by `rgb' on input line 1368.
Package xcolor Info: Model `Hsb' substituted by `hsb' on input line 1369.
Package xcolor Info: Model `tHsb' substituted by `hsb' on input line 1370.
Package xcolor Info: Model `HSB' substituted by `hsb' on input line 1371.
Package xcolor Info: Model `Gray' substituted by `gray' on input line 1372.
Package xcolor Info: Model `wave' substituted by `hsb' on input line 1373.
)
(/usr/share/texlive/texmf-dist/tex/generic/pgf/basiclayer/pgfcore.code.tex
Package: pgfcore 2023-01-15 v3.1.10 (3.1.10)

(/usr/share/texlive/texmf-dist/tex/generic/pgf/math/pgfmath.code.tex
(/usr/share/texlive/texmf-dist/tex/generic/pgf/math/pgfmathutil.code.tex)
(/usr/share/texlive/texmf-dist/tex/generic/pgf/math/pgfmathparser.code.tex
\pgfmath@dimen=\dimen195
\pgfmath@count=\count325
\pgfmath@box=\box57
\pgfmath@toks=\toks40
\pgfmath@stack@operand=\toks41
\pgfmath@stack@operation=\toks42
)
(/usr/share/texlive/texmf-dist/tex/generic/pgf/math/pgfmathfunctions.code.tex)
(/usr/share/texlive/texmf-dist/tex/generic/pgf/math/pgfmathfunctions.basic.code
.tex)
(/usr/share/texlive/texmf-dist/tex/generic/pgf/math/pgfmathfunctions.trigonomet
ric.code.tex)
(/usr/share/texlive/texmf-dist/tex/generic/pgf/math/pgfmathfunctions.random.cod
e.tex)
(/usr/share/texlive/texmf-dist/tex/generic/pgf/math/pgfmathfunctions.comparison
.code.tex)
(/usr/share/texlive/texmf-dist/tex/generic/pgf/math/pgfmathfunctions.base.code.
tex)
(/usr/share/texlive/texmf-dist/tex/generic/pgf/math/pgfmathfunctions.round.code
.tex)
(/usr/share/texlive/texmf-dist/tex/generic/pgf/math/pgfmathfunctions.misc.code.
tex)
(/usr/share/texlive/texmf-dist/tex/generic/pgf/math/pgfmathfunctions.integerari
thmetics.code.tex)
(/usr/share/texlive/texmf-dist/tex/generic/pgf/math/pgfmathcalc.code.tex)
(/usr/share/texlive/texmf-dist/tex/generic/pgf/math/pgfmathfloat.code.tex
\c@pgfmathroundto@lastzeros=\count326
))
(/usr/share/texlive/texmf-dist/tex/generic/pgf/math/pgfint.code.tex)
(/usr/share/texlive/texmf-dist/tex/generic/pgf/basiclayer/pgfcorepoints.code.te
x
File: pgfcorepoints.code.tex 2023-01-15 v3.1.10 (3.1.10)
\pgf@picminx=\dimen196
\pgf@picmaxx=\dimen197
\pgf@picminy=\dimen198
\pgf@picmaxy=\dimen199
\pgf@pathminx=\dimen256
\pgf@pathmaxx=\dimen257
\pgf@pathminy=\dimen258
\pgf@pathmaxy=\dimen259
\pgf@xx=\dimen260
\pgf@xy=\dimen261
\pgf@yx=\dimen262
\pgf@yy=\dimen263
\pgf@zx=\dimen264
\pgf@zy=\dimen265
)
(/usr/share/texlive/texmf-dist/tex/generic/pgf/basiclayer/pgfcorepathconstruct.
code.tex
File: pgfcorepathconstruct.code.tex 2023-01-15 v3.1.10 (3.1.10)
\pgf@path@lastx=\dimen266
\pgf@path@lasty=\dimen267
)
(/usr/share/texlive/texmf-dist/tex/generic/pgf/basiclayer/pgfcorepathusage.code
.tex
File: pgfcorepathusage.code.tex 2023-01-15 v3.1.10 (3.1.10)
\pgf@shorten@end@additional=\dimen268
\pgf@shorten@start@additional=\dimen269
)
(/usr/share/texlive/texmf-dist/tex/generic/pgf/basiclayer/pgfcorescopes.code.te
x
File: pgfcorescopes.code.tex 2023-01-15 v3.1.10 (3.1.10)
\pgfpic=\box58
\pgf@hbox=\box59
\pgf@layerbox@main=\box60
\pgf@picture@serial@count=\count327
)
(/usr/share/texlive/texmf-dist/tex/generic/pgf/basiclayer/pgfcoregraphicstate.c
ode.tex
File: pgfcoregraphicstate.code.tex 2023-01-15 v3.1.10 (3.1.10)
\pgflinewidth=\dimen270
)
(/usr/share/texlive/texmf-dist/tex/generic/pgf/basiclayer/pgfcoretransformation
s.code.tex
File: pgfcoretransformations.code.tex 2023-01-15 v3.1.10 (3.1.10)
\pgf@pt@x=\dimen271
\pgf@pt@y=\dimen272
\pgf@pt@temp=\dimen273
)
(/usr/share/texlive/texmf-dist/tex/generic/pgf/basiclayer/pgfcorequick.code.tex
File: pgfcorequick.code.tex 2023-01-15 v3.1.10 (3.1.10)
)
(/usr/share/texlive/texmf-dist/tex/generic/pgf/basiclayer/pgfcoreobjects.code.t
ex
File: pgfcoreobjects.code.tex 2023-01-15 v3.1.10 (3.1.10)
)
(/usr/share/texlive/texmf-dist/tex/generic/pgf/basiclayer/pgfcorepathprocessing
.code.tex
File: pgfcorepathprocessing.code.tex 2023-01-15 v3.1.10 (3.1.10)
)
(/usr/share/texlive/texmf-dist/tex/generic/pgf/basiclayer/pgfcorearrows.code.te
x
File: pgfcorearrows.code.tex 2023-01-15 v3.1.10 (3.1.10)
\pgfarrowsep=\dimen274
)
(/usr/share/texlive/texmf-dist/tex/generic/pgf/basiclayer/pgfcoreshade.code.tex
File: pgfcoreshade.code.tex 2023-01-15 v3.1.10 (3.1.10)
\pgf@max=\dimen275
\pgf@sys@shading@range@num=\count328
\pgf@shadingcount=\count329
)
(/usr/share/texlive/texmf-dist/tex/generic/pgf/basiclayer/pgfcoreimage.code.tex
File: pgfcoreimage.code.tex 2023-01-15 v3.1.10 (3.1.10)
)
(/usr/share/texlive/texmf-dist/tex/generic/pgf/basiclayer/pgfcoreexternal.code.
tex
File: pgfcoreexternal.code.tex 2023-01-15 v3.1.10 (3.1.10)
\pgfexternal@startupbox=\box61
)
(/usr/share/texlive/texmf-dist/tex/generic/pgf/basiclayer/pgfcorelayers.code.te
x
File: pgfcorelayers.code.tex 2023-01-15 v3.1.10 (3.1.10)
)
(/usr/share/texlive/texmf-dist/tex/generic/pgf/basiclayer/pgfcoretransparency.c
ode.tex
File: pgfcoretransparency.code.tex 2023-01-15 v3.1.10 (3.1.10)
)
(/usr/share/texlive/texmf-dist/tex/generic/pgf/basiclayer/pgfcorepatterns.code.
tex
File: pgfcorepatterns.code.tex 2023-01-15 v3.1.10 (3.1.10)
)
(/usr/share/texlive/texmf-dist/tex/generic/pgf/basiclayer/pgfcorerdf.code.tex
File: pgfcorerdf.code.tex 2023-01-15 v3.1.10 (3.1.10)
)))
(/usr/share/texlive/texmf-dist/tex/generic/pgf/modules/pgfmoduleshapes.code.tex
File: pgfmoduleshapes.code.tex 2023-01-15 v3.1.10 (3.1.10)
\pgfnodeparttextbox=\box62
) (/usr/share/texlive/texmf-dist/tex/generic/pgf/modules/pgfmoduleplot.code.tex
File: pgfmoduleplot.code.tex 2023-01-15 v3.1.10 (3.1.10)
)
(/usr/share/texlive/texmf-dist/tex/latex/pgf/compatibility/pgfcomp-version-0-65
.sty
Package: pgfcomp-version-0-65 2023-01-15 v3.1.10 (3.1.10)
\pgf@nodesepstart=\dimen276
\pgf@nodesepend=\dimen277
)
(/usr/share/texlive/texmf-dist/tex/latex/pgf/compatibility/pgfcomp-version-1-18
.sty
Package: pgfcomp-version-1-18 2023-01-15 v3.1.10 (3.1.10)
)) (/usr/share/texlive/texmf-dist/tex/latex/environ/environ.sty
Package: environ 2014/05/04 v0.3 A new way to define environments

(/usr/share/texlive/texmf-dist/tex/latex/trimspaces/trimspaces.sty
Package: trimspaces 2009/09/17 v1.1 Trim spaces around a token list
))
\tcb@titlebox=\box63
\tcb@upperbox=\box64
\tcb@lowerbox=\box65
\tcb@phantombox=\box66
\c@tcbbreakpart=\count330
\c@tcblayer=\count331
\c@tcolorbox@number=\count332
\l__tcobox_tmpa_box=\box67
\l__tcobox_tmpa_dim=\dimen278
\tcb@temp=\box68
\tcb@temp=\box69
\tcb@temp=\box70
\tcb@temp=\box71
)
(/usr/share/texlive/texmf-dist/tex/generic/soul/soul.sty
Package: soul 2023-06-14 v3.1 Permit use of UTF-8 characters in soul (HO)

(/usr/share/texlive/texmf-dist/tex/generic/soul/soul-ori.sty
Package: soul-ori 2023-06-14 v3.1 letterspacing/underlining (mf)
\SOUL@word=\toks43
\SOUL@lasttoken=\toks44
\SOUL@syllable=\toks45
\SOUL@cmds=\toks46
\SOUL@buffer=\toks47
\SOUL@token=\toks48
\SOUL@syllgoal=\dimen279
\SOUL@syllwidth=\dimen280
\SOUL@charkern=\dimen281
\SOUL@hyphkern=\dimen282
\SOUL@dimen=\dimen283
\SOUL@dimeni=\dimen284
\SOUL@minus=\count333
\SOUL@comma=\count334
\SOUL@apo=\count335
\SOUL@grave=\count336
\SOUL@spaceskip=\skip72
\SOUL@ttwidth=\dimen285
\SOUL@uldp=\dimen286
\SOUL@ulht=\dimen287
)
(/usr/share/texlive/texmf-dist/tex/generic/etexcmds/etexcmds.sty
Package: etexcmds 2019/12/15 v1.7 Avoid name clashes with e-TeX commands (HO)
))
(/usr/share/texlive/texmf-dist/tex/latex/caption/caption.sty
Package: caption 2023/08/05 v3.6o Customizing captions (AR)

(/usr/share/texlive/texmf-dist/tex/latex/caption/caption3.sty
Package: caption3 2023/07/31 v2.4d caption3 kernel (AR)
\caption@tempdima=\dimen288
\captionmargin=\dimen289
\caption@leftmargin=\dimen290
\caption@rightmargin=\dimen291
\caption@width=\dimen292
\caption@indent=\dimen293
\caption@parindent=\dimen294
\caption@hangindent=\dimen295
Package caption Info: Standard document class detected.
)
\c@caption@flags=\count337
\c@continuedfloat=\count338
Package caption Info: hyperref package is loaded.
Package caption Info: subfigure package is loaded.
)
(/usr/share/texlive/texmf-dist/tex/generic/chemfig/chemfig.sty
(/usr/share/texlive/texmf-dist/tex/latex/pgf/frontendlayer/tikz.sty
(/usr/share/texlive/texmf-dist/tex/latex/pgf/utilities/pgffor.sty
(/usr/share/texlive/texmf-dist/tex/latex/pgf/utilities/pgfkeys.sty
(/usr/share/texlive/texmf-dist/tex/generic/pgf/utilities/pgfkeys.code.tex))
(/usr/share/texlive/texmf-dist/tex/latex/pgf/math/pgfmath.sty
(/usr/share/texlive/texmf-dist/tex/generic/pgf/math/pgfmath.code.tex))
(/usr/share/texlive/texmf-dist/tex/generic/pgf/utilities/pgffor.code.tex
Package: pgffor 2023-01-15 v3.1.10 (3.1.10)
\pgffor@iter=\dimen296
\pgffor@skip=\dimen297
\pgffor@stack=\toks49
\pgffor@toks=\toks50
))
(/usr/share/texlive/texmf-dist/tex/generic/pgf/frontendlayer/tikz/tikz.code.tex
Package: tikz 2023-01-15 v3.1.10 (3.1.10)

(/usr/share/texlive/texmf-dist/tex/generic/pgf/libraries/pgflibraryplothandlers
.code.tex
File: pgflibraryplothandlers.code.tex 2023-01-15 v3.1.10 (3.1.10)
\pgf@plot@mark@count=\count339
\pgfplotmarksize=\dimen298
)
\tikz@lastx=\dimen299
\tikz@lasty=\dimen300
\tikz@lastxsaved=\dimen301
\tikz@lastysaved=\dimen302
\tikz@lastmovetox=\dimen303
\tikz@lastmovetoy=\dimen304
\tikzleveldistance=\dimen305
\tikzsiblingdistance=\dimen306
\tikz@figbox=\box72
\tikz@figbox@bg=\box73
\tikz@tempbox=\box74
\tikz@tempbox@bg=\box75
\tikztreelevel=\count340
\tikznumberofchildren=\count341
\tikznumberofcurrentchild=\count342
\tikz@fig@count=\count343

(/usr/share/texlive/texmf-dist/tex/generic/pgf/modules/pgfmodulematrix.code.tex
File: pgfmodulematrix.code.tex 2023-01-15 v3.1.10 (3.1.10)
\pgfmatrixcurrentrow=\count344
\pgfmatrixcurrentcolumn=\count345
\pgf@matrix@numberofcolumns=\count346
)
\tikz@expandcount=\count347

(/usr/share/texlive/texmf-dist/tex/generic/pgf/frontendlayer/tikz/libraries/tik
zlibrarytopaths.code.tex
File: tikzlibrarytopaths.code.tex 2023-01-15 v3.1.10 (3.1.10)
)))
(/usr/share/texlive/texmf-dist/tex/generic/chemfig/chemfig.tex
(/usr/share/texlive/texmf-dist/tex/generic/simplekv/simplekv.tex
Package: simplekv 2023/10/02 v0.2c Simple keyval package (CT)
)
(/usr/share/texlive/texmf-dist/tex/generic/pgf/libraries/pgflibraryarrows.meta.
code.tex
File: pgflibraryarrows.meta.code.tex 2023-01-15 v3.1.10 (3.1.10)
\pgfarrowinset=\dimen307
\pgfarrowlength=\dimen308
\pgfarrowwidth=\dimen309
\pgfarrowlinewidth=\dimen310
)
\CF_cnt_atomgroup=\count348
\CF_cnt_group=\count349
\CF_cnt_atom=\count350
\CF_cnt_cycle=\count351
\CF_cnt_cyclebonds=\count352
\CF_cnt_compound=\count353
\CF_dim=\dimen311
\CF_turnangle=\dimen312
\CF_arrowsize=\dimen313
\CF_zero=\dimen314
\CF_box=\box76
\CF_boxstuff=\box77
\CF_testbox=\box78
\CF_chargebox=\box79
\CF_substtoks=\toks51
)
Package: chemfig 2023/12/28 v1.66 Draw molecule with an easy syntax (CT)
)
(/usr/share/texlive/texmf-dist/tex/latex/chemformula/chemformula.sty
(/usr/share/texlive/texmf-dist/tex/latex/l3packages/xfrac/xfrac.sty
(/usr/share/texlive/texmf-dist/tex/latex/base/textcomp.sty
Package: textcomp 2020/02/02 v2.0n Standard LaTeX package
)
(/usr/share/texlive/texmf-dist/tex/latex/l3packages/xparse/xparse.sty
Package: xparse 2023-10-10 L3 Experimental document command parser
)
(/usr/share/texlive/texmf-dist/tex/latex/l3packages/xtemplate/xtemplate.sty
Package: xtemplate 2023-10-10 L3 Experimental prototype document functions
\l__xtemplate_tmp_dim=\dimen315
\l__xtemplate_tmp_int=\count354
\l__xtemplate_tmp_muskip=\muskip18
\l__xtemplate_tmp_skip=\skip73
)
Package: xfrac 2023-10-10 L3 Experimental split-level fractions
\l__xfrac_slash_box=\box80
\l__xfrac_tmp_box=\box81
\l__xfrac_denominator_bot_sep_dim=\dimen316
\l__xfrac_numerator_bot_sep_dim=\dimen317
\l__xfrac_numerator_top_sep_dim=\dimen318
\l__xfrac_slash_left_sep_dim=\dimen319
\l__xfrac_slash_right_sep_dim=\dimen320
\l__xfrac_slash_left_muskip=\muskip19
\l__xfrac_slash_right_muskip=\muskip20

Package xtemplate Info: Declaring object type 'xfrac' taking 3 argument(s) on
(xtemplate)             line 80.

)
(/usr/share/texlive/texmf-dist/tex/latex/units/nicefrac.sty
Package: nicefrac 1998/08/04 v0.9b Nice fractions
\L@UnitsRaiseDisplaystyle=\skip74
\L@UnitsRaiseTextstyle=\skip75
\L@UnitsRaiseScriptstyle=\skip76
)
Package: chemformula 2022/01/23 v4.17 typeset chemical compounds and reactions 
(CN)
\l__chemformula_tmpa_dim=\dimen321
\l__chemformula_tmpb_dim=\dimen322
\l__chemformula_tmpc_dim=\dimen323
\l__chemformula_tmpa_int=\count355
\l__chemformula_tmpb_int=\count356
\l__chemformula_tmpc_int=\count357
\l__chemformula_tmpa_box=\box82
\l__chemformula_tmpb_box=\box83
\l__chemformula_arrow_length_dim=\dimen324
\l__chemformula_arrow_label_height_dim=\dimen325
\l__chemformula_arrow_label_offset_dim=\dimen326
\l__chemformula_arrow_minimum_length_dim=\dimen327
\l__chemformula_arrow_shortage_dim=\dimen328
\l__chemformula_arrow_offset_dim=\dimen329
\l__chemformula_arrow_yshift_dim=\dimen330
\l__chemformula_radical_radius_dim=\dimen331
\l__chemformula_radical_hshift_dim=\dimen332
\l__chemformula_radical_vshift_dim=\dimen333
\l__chemformula_radical_space_dim=\dimen334
\l__chemformula_arrow_head_dim=\dimen335
\l__chemformula_name_dim=\dimen336
\l__chemformula_adduct_space_dim=\dimen337
\l__chemformula_charge_shift_dim=\dimen338
\l__chemformula_subscript_shift_dim=\dimen339
\l__chemformula_superscript_shift_dim=\dimen340
\l__chemformula_subscript_dim=\dimen341
\l__chemformula_superscript_dim=\dimen342
\l__chemformula_bond_dim=\dimen343
\l__chemformula_bond_space_dim=\dimen344
\l__chemformula_elspec_pair_distance_dim=\dimen345
\l__chemformula_elspec_pair_line_length_dim=\dimen346
\l__chemformula_elspec_pair_width_dim=\dimen347
\l__chemformula_kroegervink_positive_radius_dim=\dimen348
\l__chemformula_kroegervink_positive_hshift_dim=\dimen349
\l__chemformula_kroegervink_positive_vshift_dim=\dimen350
\l__chemformula_kroegervink_positive_space_dim=\dimen351
\l__chemformula_stoich_space_skip=\skip77
\l__chemformula_math_space_skip=\skip78
\l__chemformula_additions_symbol_space_skip=\skip79
\l__chemformula_count_tokens_int=\count358
\g__chemformula_lewis_int=\count359
\l__chemformula_arrow_arg_i_box=\box84
\l__chemformula_arrow_arg_ii_box=\box85
\l__chemformula_superscript_box=\box86
\l__chemformula_subscript_box=\box87
\l__chemformula_plus_space_skip=\skip80
\l__chemformula_minus_space_skip=\skip81
)
(/usr/share/texlive/texmf-dist/tex/latex/pgfgantt/pgfgantt.sty
Package: pgfgantt 2018/01/10 v5.0 Draw Gantt diagrams with TikZ

(/usr/share/texlive/texmf-dist/tex/generic/pgf/frontendlayer/tikz/libraries/tik
zlibraryarrows.code.tex
File: tikzlibraryarrows.code.tex 2023-01-15 v3.1.10 (3.1.10)

(/usr/share/texlive/texmf-dist/tex/generic/pgf/libraries/pgflibraryarrows.code.
tex
File: pgflibraryarrows.code.tex 2023-01-15 v3.1.10 (3.1.10)
\arrowsize=\dimen352
))
(/usr/share/texlive/texmf-dist/tex/generic/pgf/frontendlayer/tikz/libraries/tik
zlibrarybackgrounds.code.tex
File: tikzlibrarybackgrounds.code.tex 2023-01-15 v3.1.10 (3.1.10)
\pgf@layerbox@background=\box88
\pgf@layerboxsaved@background=\box89
)
(/usr/share/texlive/texmf-dist/tex/generic/pgf/frontendlayer/tikz/libraries/tik
zlibrarycalc.code.tex
File: tikzlibrarycalc.code.tex 2023-01-15 v3.1.10 (3.1.10)
)
(/usr/share/texlive/texmf-dist/tex/generic/pgf/frontendlayer/tikz/libraries/tik
zlibrarypatterns.code.tex
File: tikzlibrarypatterns.code.tex 2023-01-15 v3.1.10 (3.1.10)

(/usr/share/texlive/texmf-dist/tex/generic/pgf/libraries/pgflibrarypatterns.cod
e.tex
File: pgflibrarypatterns.code.tex 2023-01-15 v3.1.10 (3.1.10)
))
(/usr/share/texlive/texmf-dist/tex/generic/pgf/frontendlayer/tikz/libraries/tik
zlibrarypositioning.code.tex
File: tikzlibrarypositioning.code.tex 2023-01-15 v3.1.10 (3.1.10)
)
(/usr/share/texlive/texmf-dist/tex/generic/pgf/frontendlayer/tikz/libraries/tik
zlibraryshapes.geometric.code.tex
File: tikzlibraryshapes.geometric.code.tex 2023-01-15 v3.1.10 (3.1.10)

(/usr/share/texlive/texmf-dist/tex/generic/pgf/libraries/shapes/pgflibraryshape
s.geometric.code.tex
File: pgflibraryshapes.geometric.code.tex 2023-01-15 v3.1.10 (3.1.10)
))
(/usr/share/texlive/texmf-dist/tex/latex/pgf/utilities/pgfcalendar.sty
(/usr/share/texlive/texmf-dist/tex/generic/pgf/utilities/pgfcalendar.code.tex
File: pgfcalendar.code.tex 2023-01-15 v3.1.10 (3.1.10)
\pgfcalendarcurrentjulian=\count360
\pgf@cal@easter@Y=\count361
\pgf@cal@easter@G=\count362
\pgf@cal@easter@C=\count363
\pgf@cal@easter@X=\count364
\pgf@cal@easter@Z=\count365
\pgf@cal@easter@D=\count366
\pgf@cal@easter@E=\count367
\pgf@cal@easter@N=\count368
\pgf@cal@easter@M=\count369
\pgf@cal@easter@julianday=\count370
))
\gtt@currentline=\count371
\gtt@lasttitleline=\count372
\gtt@currgrid=\count373
\gtt@chartwidth=\count374
\gtt@lasttitleslot=\count375
\gtt@elementid=\count376
\gtt@today@slot=\count377
\gtt@startjulian=\count378
\gtt@endjulian=\count379
\gtt@chartid=\count380
\gtt@vrule@slot=\count381
\gtt@calendar@slots=\count382
\gtt@calendar@weeknumber=\count383
\gtt@calendar@startofweek=\count384
\gtt@left@slot=\count385
\gtt@right@slot=\count386
) (/usr/share/texlive/texmf-dist/tex/latex/pdflscape/pdflscape.sty
Package: pdflscape 2022-10-27 v0.13 Display of landscape pages in PDF

(/usr/share/texlive/texmf-dist/tex/latex/pdflscape/pdflscape-nometadata.sty
Package: pdflscape-nometadata 2022-10-28 v0.13 Display of landscape pages in PD
F (HO)

(/usr/share/texlive/texmf-dist/tex/latex/graphics/lscape.sty
Package: lscape 2020/05/28 v3.02 Landscape Pages (DPC)
)
Package pdflscape Info: Auto-detected driver: pdftex on input line 81.
))
(/usr/share/texlive/texmf-dist/tex/latex/cite/cite.sty
LaTeX Info: Redefining \cite on input line 302.
LaTeX Info: Redefining \nocite on input line 332.
Package: cite 2015/02/27  v 5.5
)
(/usr/share/texlive/texmf-dist/tex/latex/listings/listings.sty
\lst@mode=\count387
\lst@gtempboxa=\box90
\lst@token=\toks52
\lst@length=\count388
\lst@currlwidth=\dimen353
\lst@column=\count389
\lst@pos=\count390
\lst@lostspace=\dimen354
\lst@width=\dimen355
\lst@newlines=\count391
\lst@lineno=\count392
\lst@maxwidth=\dimen356

(/usr/share/texlive/texmf-dist/tex/latex/listings/lstmisc.sty
File: lstmisc.sty 2023/02/27 1.9 (Carsten Heinz)
\c@lstnumber=\count393
\lst@skipnumbers=\count394
\lst@framebox=\box91
)
(/usr/share/texlive/texmf-dist/tex/latex/listings/listings.cfg
File: listings.cfg 2023/02/27 1.9 listings configuration
))
Package: listings 2023/02/27 1.9 (Carsten Heinz)

(/usr/share/texlive/texmf-dist/tex/latex/siunitx/siunitx.sty
Package: siunitx 2024-01-25 v3.3.10 A comprehensive (SI) units package
\l__siunitx_number_uncert_offset_int=\count395
\l__siunitx_number_exponent_fixed_int=\count396
\l__siunitx_number_min_decimal_int=\count397
\l__siunitx_number_min_integer_int=\count398
\l__siunitx_number_round_precision_int=\count399
\l__siunitx_number_lower_threshold_int=\count400
\l__siunitx_number_upper_threshold_int=\count401
\l__siunitx_number_group_first_int=\count402
\l__siunitx_number_group_size_int=\count403
\l__siunitx_number_group_minimum_int=\count404
\l__siunitx_angle_tmp_dim=\dimen357
\l__siunitx_angle_marker_box=\box92
\l__siunitx_angle_unit_box=\box93
\l__siunitx_compound_count_int=\count405

(/usr/share/texlive/texmf-dist/tex/latex/translations/translations.sty
Package: translations 2022/02/05 v1.12 internationalization of LaTeX2e packages
 (CN)
)
\l__siunitx_table_tmp_box=\box94
\l__siunitx_table_tmp_dim=\dimen358
\l__siunitx_table_column_width_dim=\dimen359
\l__siunitx_table_integer_box=\box95
\l__siunitx_table_decimal_box=\box96
\l__siunitx_table_uncert_box=\box97
\l__siunitx_table_before_box=\box98
\l__siunitx_table_after_box=\box99
\l__siunitx_table_before_dim=\dimen360
\l__siunitx_table_carry_dim=\dimen361
\l__siunitx_unit_tmp_int=\count406
\l__siunitx_unit_position_int=\count407
\l__siunitx_unit_total_int=\count408

(/usr/share/texlive/texmf-dist/tex/latex/tools/array.sty
Package: array 2023/10/16 v2.5g Tabular extension package (FMi)
\col@sep=\dimen362
\ar@mcellbox=\box100
\extrarowheight=\dimen363
\NC@list=\toks53
\extratabsurround=\skip82
\backup@length=\skip83
\ar@cellbox=\box101
))
(/usr/share/texlive/texmf-dist/tex/latex/titlesec/titlesec.sty
Package: titlesec 2023/10/27 v2.16 Sectioning titles
\ttl@box=\box102
\beforetitleunit=\skip84
\aftertitleunit=\skip85
\ttl@plus=\dimen364
\ttl@minus=\dimen365
\ttl@toksa=\toks54
\titlewidth=\dimen366
\titlewidthlast=\dimen367
\titlewidthfirst=\dimen368
)
(/usr/share/texlive/texmf-dist/tex/latex/float/float.sty
Package: float 2001/11/08 v1.3d Float enhancements (AL)
\c@float@type=\count409
\float@exts=\toks55
\float@box=\box103
\@float@everytoks=\toks56
\@floatcapt=\box104
)
(/usr/share/texlive/texmf-dist/tex/latex/enumitem/enumitem.sty
Package: enumitem 2019/06/20 v3.9 Customized lists
\labelindent=\skip86
\enit@outerparindent=\dimen369
\enit@toks=\toks57
\enit@inbox=\box105
\enit@count@id=\count410
\enitdp@description=\count411
)
(/usr/share/texlive/texmf-dist/tex/latex/parskip/parskip.sty
Package: parskip 2021-03-14 v2.0h non-zero parskip adjustments
)
(/usr/share/texlive/texmf-dist/tex/latex/pgfplots/pgfplots.sty
(/usr/share/texlive/texmf-dist/tex/generic/pgfplots/pgfplots.revision.tex)
Package: pgfplots 2021/05/15 v1.18.1 Data Visualization (1.18.1)

(/usr/share/texlive/texmf-dist/tex/generic/pgfplots/pgfplots.code.tex
(/usr/share/texlive/texmf-dist/tex/generic/pgfplots/pgfplotscore.code.tex
\t@pgfplots@toka=\toks58
\t@pgfplots@tokb=\toks59
\t@pgfplots@tokc=\toks60
\pgfplots@tmpa=\dimen370
\c@pgfplots@coordindex=\count412
\c@pgfplots@scanlineindex=\count413

(/usr/share/texlive/texmf-dist/tex/generic/pgfplots/sys/pgfplotssysgeneric.code
.tex))
(/usr/share/texlive/texmf-dist/tex/generic/pgfplots/libs/pgfplotslibrary.code.t
ex)
(/usr/share/texlive/texmf-dist/tex/generic/pgfplots/oldpgfcompatib/pgfplotsoldp
gfsupp_loader.code.tex
(/usr/share/texlive/texmf-dist/tex/generic/pgf/libraries/pgflibraryfpu.code.tex
)
Package pgfplots: loading complementary utilities for your pgf version...
\t@pgf@toka=\toks61
\t@pgf@tokb=\toks62
\t@pgf@tokc=\toks63

(/usr/share/texlive/texmf-dist/tex/generic/pgfplots/oldpgfcompatib/pgfplotsoldp
gfsupp_pgfutil-common-lists.tex))
(/usr/share/texlive/texmf-dist/tex/generic/pgfplots/util/pgfplotsutil.code.tex
(/usr/share/texlive/texmf-dist/tex/generic/pgfplots/liststructure/pgfplotslists
tructure.code.tex)
(/usr/share/texlive/texmf-dist/tex/generic/pgfplots/liststructure/pgfplotslists
tructureext.code.tex)
(/usr/share/texlive/texmf-dist/tex/generic/pgfplots/liststructure/pgfplotsarray
.code.tex
\c@pgfplotsarray@tmp=\count414
)
(/usr/share/texlive/texmf-dist/tex/generic/pgfplots/liststructure/pgfplotsmatri
x.code.tex)
(/usr/share/texlive/texmf-dist/tex/generic/pgfplots/numtable/pgfplotstableshare
d.code.tex
\c@pgfplotstable@counta=\count415
\t@pgfplotstable@a=\toks64
)
(/usr/share/texlive/texmf-dist/tex/generic/pgfplots/liststructure/pgfplotsdeque
.code.tex)
(/usr/share/texlive/texmf-dist/tex/generic/pgfplots/util/pgfplotsbinary.code.te
x
(/usr/share/texlive/texmf-dist/tex/generic/pgfplots/util/pgfplotsbinary.data.co
de.tex))
(/usr/share/texlive/texmf-dist/tex/generic/pgfplots/util/pgfplotsutil.verb.code
.tex)
(/usr/share/texlive/texmf-dist/tex/generic/pgfplots/libs/pgflibrarypgfplots.sur
fshading.code.tex
\c@pgfplotslibrarysurf@no=\count416

(/usr/share/texlive/texmf-dist/tex/generic/pgfplots/sys/pgflibrarypgfplots.surf
shading.pgfsys-pdftex.def)))
(/usr/share/texlive/texmf-dist/tex/generic/pgfplots/util/pgfplotscolormap.code.
tex
(/usr/share/texlive/texmf-dist/tex/generic/pgfplots/util/pgfplotscolor.code.tex
))
(/usr/share/texlive/texmf-dist/tex/generic/pgfplots/pgfplotsstackedplots.code.t
ex)
(/usr/share/texlive/texmf-dist/tex/generic/pgfplots/pgfplotsplothandlers.code.t
ex
(/usr/share/texlive/texmf-dist/tex/generic/pgfplots/pgfplotsmeshplothandler.cod
e.tex
(/usr/share/texlive/texmf-dist/tex/generic/pgfplots/pgfplotsmeshplotimage.code.
tex)))
(/usr/share/texlive/texmf-dist/tex/generic/pgfplots/pgfplots.scaling.code.tex)
(/usr/share/texlive/texmf-dist/tex/generic/pgfplots/pgfplotscoordprocessing.cod
e.tex)
(/usr/share/texlive/texmf-dist/tex/generic/pgfplots/pgfplots.errorbars.code.tex
) (/usr/share/texlive/texmf-dist/tex/generic/pgfplots/pgfplots.markers.code.tex
) (/usr/share/texlive/texmf-dist/tex/generic/pgfplots/pgfplotsticks.code.tex)
(/usr/share/texlive/texmf-dist/tex/generic/pgfplots/pgfplots.paths.code.tex)
(/usr/share/texlive/texmf-dist/tex/generic/pgf/frontendlayer/tikz/libraries/tik
zlibrarydecorations.code.tex
(/usr/share/texlive/texmf-dist/tex/generic/pgf/modules/pgfmoduledecorations.cod
e.tex
\pgfdecoratedcompleteddistance=\dimen371
\pgfdecoratedremainingdistance=\dimen372
\pgfdecoratedinputsegmentcompleteddistance=\dimen373
\pgfdecoratedinputsegmentremainingdistance=\dimen374
\pgf@decorate@distancetomove=\dimen375
\pgf@decorate@repeatstate=\count417
\pgfdecorationsegmentamplitude=\dimen376
\pgfdecorationsegmentlength=\dimen377
)
\tikz@lib@dec@box=\box106
)
(/usr/share/texlive/texmf-dist/tex/generic/pgf/frontendlayer/tikz/libraries/tik
zlibrarydecorations.pathmorphing.code.tex
(/usr/share/texlive/texmf-dist/tex/generic/pgf/libraries/decorations/pgflibrary
decorations.pathmorphing.code.tex))
(/usr/share/texlive/texmf-dist/tex/generic/pgf/frontendlayer/tikz/libraries/tik
zlibrarydecorations.pathreplacing.code.tex
(/usr/share/texlive/texmf-dist/tex/generic/pgf/libraries/decorations/pgflibrary
decorations.pathreplacing.code.tex))
(/usr/share/texlive/texmf-dist/tex/generic/pgfplots/libs/tikzlibrarypgfplots.co
ntourlua.code.tex)
\pgfplots@numplots=\count418
\pgfplots@xmin@reg=\dimen378
\pgfplots@xmax@reg=\dimen379
\pgfplots@ymin@reg=\dimen380
\pgfplots@ymax@reg=\dimen381
\pgfplots@zmin@reg=\dimen382
\pgfplots@zmax@reg=\dimen383
)
(/usr/share/texlive/texmf-dist/tex/generic/pgf/frontendlayer/tikz/libraries/tik
zlibraryplotmarks.code.tex
File: tikzlibraryplotmarks.code.tex 2023-01-15 v3.1.10 (3.1.10)

(/usr/share/texlive/texmf-dist/tex/generic/pgf/libraries/pgflibraryplotmarks.co
de.tex
File: pgflibraryplotmarks.code.tex 2023-01-15 v3.1.10 (3.1.10)
))) (/usr/share/texlive/texmf-dist/tex/latex/pdfpages/pdfpages.sty
Package: pdfpages 2024/01/21 v0.5y Insert pages of external PDF documents (AM)

(/usr/share/texlive/texmf-dist/tex/latex/tools/calc.sty
Package: calc 2023/07/08 v4.3 Infix arithmetic (KKT,FJ)
\calc@Acount=\count419
\calc@Bcount=\count420
\calc@Adimen=\dimen384
\calc@Bdimen=\dimen385
\calc@Askip=\skip87
\calc@Bskip=\skip88
LaTeX Info: Redefining \setlength on input line 80.
LaTeX Info: Redefining \addtolength on input line 81.
\calc@Ccount=\count421
\calc@Cskip=\skip89
)
(/usr/share/texlive/texmf-dist/tex/latex/eso-pic/eso-pic.sty
Package: eso-pic 2023/05/03 v3.0c eso-pic (RN)
\ESO@tempdima=\dimen386
\ESO@tempdimb=\dimen387
)
\AM@pagewidth=\dimen388
\AM@pageheight=\dimen389
\AM@fboxrule=\dimen390

(/usr/share/texlive/texmf-dist/tex/latex/pdfpages/pppdftex.def
File: pppdftex.def 2024/01/21 v0.5y Pdfpages driver for pdfTeX (AM)
)
\pdfpages@includegraphics@status=\count422
\AM@pagebox=\box107
\AM@global@opts=\toks65
\AM@pagecnt=\count423
\AM@toc@title=\toks66
\AM@lof@heading=\toks67
\c@AM@survey=\count424
\AM@templatesizebox=\box108
)
(/usr/share/texlive/texmf-dist/tex/latex/tools/layout.sty
Package: layout 2023-08-20 v1.2e Show layout parameters
\oneinch=\count425
\cnt@paperwidth=\count426
\cnt@paperheight=\count427
\cnt@hoffset=\count428
\cnt@voffset=\count429
\cnt@textheight=\count430
\cnt@textwidth=\count431
\cnt@topmargin=\count432
\cnt@oddsidemargin=\count433
\cnt@evensidemargin=\count434
\cnt@headheight=\count435
\cnt@headsep=\count436
\cnt@marginparsep=\count437
\cnt@marginparwidth=\count438
\cnt@marginparpush=\count439
\cnt@footskip=\count440
\fheight=\count441
\ref@top=\count442
\ref@hoffset=\count443
\ref@voffset=\count444
\ref@head=\count445
\ref@body=\count446
\ref@foot=\count447
\ref@margin=\count448
\ref@marginwidth=\count449
\ref@marginpar=\count450
\Interval=\count451
\ExtraYPos=\count452
\PositionX=\count453
\PositionY=\count454
\ArrowLength=\count455
)
(/usr/share/texlive/texmf-dist/tex/latex/glossaries/base/glossaries.sty
Package: glossaries 2023/09/29 v4.53 (NLCT)

(/usr/share/texlive/texmf-dist/tex/latex/mfirstuc/mfirstuc.sty
Package: mfirstuc 2022/10/14 v2.08 (NLCT)
\@glsmfirst=\toks68
\@glsmrest=\toks69
)
(/usr/share/texlive/texmf-dist/tex/latex/xfor/xfor.sty
Package: xfor 2009/02/05 v1.05 (NLCT)
)
(/usr/share/texlive/texmf-dist/tex/latex/datatool/datatool-base.sty
Package: datatool-base 2019/09/27 v2.32 (NLCT)

(/usr/share/texlive/texmf-dist/tex/latex/substr/substr.sty
Package: substr 2009/10/20 v1.2 Handle substrings
\c@su@anzahl=\count456
)
(/usr/share/texlive/texmf-dist/tex/latex/datatool/datatool-fp.sty
Package: datatool-fp 2019/09/27 v2.32 (NLCT)

(/usr/share/texlive/texmf-dist/tex/latex/fp/fp.sty
Package: fp 1995/04/02

`Fixed Point Package', Version 0.8, April 2, 1995 (C) Michael Mehlich
(/usr/share/texlive/texmf-dist/tex/latex/fp/defpattern.sty
Package: defpattern 1994/10/12
\actioncount=\count457
)
(/usr/share/texlive/texmf-dist/tex/latex/fp/fp-basic.sty
Package: fp-basic 1996/05/13
\FP@xs=\count458
\FP@xia=\count459
\FP@xib=\count460
\FP@xfa=\count461
\FP@xfb=\count462
\FP@rega=\count463
\FP@regb=\count464
\FP@regs=\count465
\FP@times=\count466
)
(/usr/share/texlive/texmf-dist/tex/latex/fp/fp-addons.sty
Package: fp-addons 1995/03/15
)
(/usr/share/texlive/texmf-dist/tex/latex/fp/fp-snap.sty
Package: fp-snap 1995/04/05
)
(/usr/share/texlive/texmf-dist/tex/latex/fp/fp-exp.sty
Package: fp-exp 1995/04/03
)
(/usr/share/texlive/texmf-dist/tex/latex/fp/fp-trigo.sty
Package: fp-trigo 1995/04/14
)
(/usr/share/texlive/texmf-dist/tex/latex/fp/fp-pas.sty
Package: fp-pas 1994/08/29
)
(/usr/share/texlive/texmf-dist/tex/latex/fp/fp-random.sty
Package: fp-random 1995/02/23
\FPseed=\count467
)
(/usr/share/texlive/texmf-dist/tex/latex/fp/fp-eqn.sty
Package: fp-eqn 1995/04/03
)
(/usr/share/texlive/texmf-dist/tex/latex/fp/fp-upn.sty
Package: fp-upn 1996/10/21
)
(/usr/share/texlive/texmf-dist/tex/latex/fp/fp-eval.sty
Package: fp-eval 1995/04/03
)))
\@dtl@toks=\toks70
\@dtl@tmpcount=\count468
\dtl@tmplength=\skip90
\dtl@sortresult=\count469
\@dtl@numgrpsepcount=\count470
\@dtl@datatype=\count471
\dtl@codeA=\count472
\dtl@codeB=\count473
\@dtl@foreach@level=\count474
)
(/usr/share/texlive/texmf-dist/tex/latex/tracklang/tracklang.sty
Package: tracklang 2022/12/13 v1.6.1 (NLCT) Track Languages

(/usr/share/texlive/texmf-dist/tex/generic/tracklang/tracklang.tex))
(/usr/share/texlive/texmf-dist/tex/latex/translator/translator.sty
Package: translator 2021-05-31 v1.12d Easy translation of strings in LaTeX
LaTeX Info: Redefining \translate on input line 184.
)
(/usr/share/texlive/texmf-dist/tex/latex/glossaries-english/glossaries-english.
ldf
File: glossaries-english.ldf 2014/11/23 v1.0
)
\gls@level=\count475
\@gls@tmpb=\toks71
\gls@tmplen=\skip91
\glskeylisttok=\toks72
\glslabeltok=\toks73
\glsshorttok=\toks74
\glslongtok=\toks75

(/usr/share/texlive/texmf-dist/tex/latex/glossaries/styles/glossary-hypernav.st
y
Package: glossary-hypernav 2023/09/29 v4.53 (NLCT)
) (/usr/share/texlive/texmf-dist/tex/latex/glossaries/styles/glossary-list.sty
Package: glossary-list 2023/09/29 v4.53 (NLCT)
\glslistdottedwidth=\skip92
) (/usr/share/texlive/texmf-dist/tex/latex/glossaries/styles/glossary-long.sty
Package: glossary-long 2023/09/29 v4.53 (NLCT)

(/usr/share/texlive/texmf-dist/tex/latex/tools/longtable.sty
Package: longtable 2023-11-01 v4.19 Multi-page Table package (DPC)
\LTleft=\skip93
\LTright=\skip94
\LTpre=\skip95
\LTpost=\skip96
\LTchunksize=\count476
\LTcapwidth=\dimen391
\LT@head=\box109
\LT@firsthead=\box110
\LT@foot=\box111
\LT@lastfoot=\box112
\LT@gbox=\box113
\LT@cols=\count477
\LT@rows=\count478
\c@LT@tables=\count479
\c@LT@chunks=\count480
\LT@p@ftn=\toks76
)
\glsdescwidth=\skip97
\glspagelistwidth=\skip98
)
(/usr/share/texlive/texmf-dist/tex/latex/glossaries/styles/glossary-super.sty
Package: glossary-super 2023/09/29 v4.53 (NLCT)

(/usr/share/texlive/texmf-dist/tex/latex/supertabular/supertabular.sty
Package: supertabular 2020/02/02 v4.1g the supertabular environment
\c@tracingst=\count481
\ST@wd=\dimen392
\ST@rightskip=\skip99
\ST@leftskip=\skip100
\ST@parfillskip=\skip101
\ST@pageleft=\dimen393
\ST@headht=\dimen394
\ST@tailht=\dimen395
\ST@pagesofar=\dimen396
\ST@pboxht=\dimen397
\ST@lineht=\dimen398
\ST@prevht=\dimen399
\ST@toadd=\dimen400
\ST@dimen=\dimen401
\ST@pbox=\box114
))
(/usr/share/texlive/texmf-dist/tex/latex/glossaries/styles/glossary-tree.sty
Package: glossary-tree 2023/09/29 v4.53 (NLCT)
\glstreeindent=\skip102
))
(/usr/share/texlive/texmf-dist/tex/generic/pgfplots/libs/tikzlibrarypgfplots.da
teplot.code.tex)
\@nomenclaturefile=\write4
\openout4 = `main.nlo'.

Package nomencl Info: Writing nomenclature file main.nlo on input line 82.
\glswrite=\write5
\glo@main@file=\write6
\openout6 = `main.glo'.

Package glossaries Info: Writing glossary file main.glo on input line 88.
\glo@acronym@file=\write7
\openout7 = `main.acn'.

Package glossaries Info: Writing glossary file main.acn on input line 88.
Package csquotes Info: Checking for multilingual support...
Package csquotes Info: ... found 'babel' package.
Package csquotes Info: Adjusting default style.
Package csquotes Info: Redefining alias 'default' -> 'english'.
 (./main.aux)
\openout1 = `main.aux'.

LaTeX Font Info:    Checking defaults for OML/cmm/m/it on input line 130.
LaTeX Font Info:    ... okay on input line 130.
LaTeX Font Info:    Checking defaults for OMS/cmsy/m/n on input line 130.
LaTeX Font Info:    ... okay on input line 130.
LaTeX Font Info:    Checking defaults for OT1/cmr/m/n on input line 130.
LaTeX Font Info:    ... okay on input line 130.
LaTeX Font Info:    Checking defaults for T1/cmr/m/n on input line 130.
LaTeX Font Info:    ... okay on input line 130.
LaTeX Font Info:    Checking defaults for TS1/cmr/m/n on input line 130.
LaTeX Font Info:    ... okay on input line 130.
LaTeX Font Info:    Checking defaults for OMX/cmex/m/n on input line 130.
LaTeX Font Info:    ... okay on input line 130.
LaTeX Font Info:    Checking defaults for U/cmr/m/n on input line 130.
LaTeX Font Info:    ... okay on input line 130.
LaTeX Font Info:    Checking defaults for PD1/pdf/m/n on input line 130.
LaTeX Font Info:    ... okay on input line 130.
LaTeX Font Info:    Checking defaults for PU/pdf/m/n on input line 130.
LaTeX Font Info:    ... okay on input line 130.
LaTeX Info: Redefining \microtypecontext on input line 130.
Package microtype Info: Applying patch `item' on input line 130.
Package microtype Info: Applying patch `toc' on input line 130.
Package microtype Info: Applying patch `eqnum' on input line 130.
Package microtype Info: Applying patch `footnote' on input line 130.
Package microtype Info: Applying patch `verbatim' on input line 130.
Package microtype Info: Generating PDF output.
Package microtype Info: Character protrusion enabled (level 2).
Package microtype Info: Using default protrusion set `alltext'.
Package microtype Info: Automatic font expansion enabled (level 2),
(microtype)             stretch: 20, shrink: 20, step: 1, non-selected.
Package microtype Info: Using default expansion set `alltext-nott'.
LaTeX Info: Redefining \showhyphens on input line 130.
Package microtype Info: No adjustment of tracking.
Package microtype Info: No adjustment of interword spacing.
Package microtype Info: No adjustment of character kerning.
Package microtype Info: Loading generic protrusion settings for font family
(microtype)             `cmbr' (encoding: T1).
(microtype)             For optimal results, create family-specific settings.
(microtype)             See the microtype manual for details.
Package hyperref Info: Link coloring ON on input line 130.
 (./main.out) (./main.out)
\@outlinefile=\write8
\openout8 = `main.out'.


(/usr/share/texlive/texmf-dist/tex/context/base/mkii/supp-pdf.mkii
[Loading MPS to PDF converter (version 2006.09.02).]
\scratchcounter=\count482
\scratchdimen=\dimen402
\scratchbox=\box115
\nofMPsegments=\count483
\nofMParguments=\count484
\everyMPshowfont=\toks77
\MPscratchCnt=\count485
\MPscratchDim=\dimen403
\MPnumerator=\count486
\makeMPintoPDFobject=\count487
\everyMPtoPDFconversion=\toks78
) (/usr/share/texlive/texmf-dist/tex/latex/epstopdf-pkg/epstopdf-base.sty
Package: epstopdf-base 2020-01-24 v2.11 Base part for package epstopdf
Package epstopdf-base Info: Redefining graphics rule for `.eps' on input line 4
85.

(/usr/share/texlive/texmf-dist/tex/latex/latexconfig/epstopdf-sys.cfg
File: epstopdf-sys.cfg 2010/07/13 v1.3 Configuration of (r)epstopdf for TeX Liv
e
))
*geometry* driver: auto-detecting
*geometry* detected driver: pdftex
*geometry* verbose mode - [ preamble ] result:
* driver: pdftex
* paper: a4paper
* layout: <same size as paper>
* layoutoffset:(h,v)=(0.0pt,0.0pt)
* modes: 
* h-part:(L,W,R)=(99.58464pt, 426.79135pt, 71.13188pt)
* v-part:(T,H,B)=(99.58464pt, 660.10394pt, 85.35826pt)
* \paperwidth=597.50787pt
* \paperheight=845.04684pt
* \textwidth=426.79135pt
* \textheight=660.10394pt
* \oddsidemargin=27.31465pt
* \evensidemargin=27.31465pt
* \topmargin=-9.68535pt
* \headheight=14.0pt
* \headsep=25.0pt
* \topskip=12.0pt
* \footskip=30.0pt
* \marginparwidth=35.0pt
* \marginparsep=10.0pt
* \columnsep=10.0pt
* \skip\footins=10.8pt plus 4.0pt minus 2.0pt
* \hoffset=0.0pt
* \voffset=0.0pt
* \mag=1000
* \@twocolumnfalse
* \@twosidefalse
* \@mparswitchfalse
* \@reversemarginfalse
* (1in=72.27pt=25.4mm, 1cm=28.453pt)

Package caption Info: Begin \AtBeginDocument code.
Package caption Info: float package is loaded.
Package caption Info: listings package is loaded.
Package caption Info: longtable package is loaded.
(/usr/share/texlive/texmf-dist/tex/latex/caption/ltcaption.sty
Package: ltcaption 2021/01/08 v1.4c longtable captions (AR)
)
Package caption Info: supertabular package is loaded.
Package caption Info: End \AtBeginDocument code.
\c@lstlisting=\count488

(/usr/share/texlive/texmf-dist/tex/latex/translations/translations-basic-dictio
nary-english.trsl
File: translations-basic-dictionary-english.trsl (english translation file `tra
nslations-basic-dictionary')
)
Package translations Info: loading dictionary `translations-basic-dictionary' f
or `english'. on input line 130.

Package pgfplots notification 'compat/show suggested version=true': document ha
s been generated with the most recent feature set (\pgfplotsset{compat=1.18}).

<Images/SDULogo-uk.png, id=280, 339.51843pt x 180.675pt>
File: Images/SDULogo-uk.png Graphic file (type png)
<use Images/SDULogo-uk.png>
Package pdftex.def Info: Images/SDULogo-uk.png  used on input line 138.
(pdftex.def)             Requested size: 298.75264pt x 158.98897pt.
LaTeX Font Info:    Font shape `T1/cmbr/b/n' in size <20.74> not available
(Font)              Font shape `T1/cmbr/bx/n' tried instead on input line 142.
LaTeX Font Info:    Font shape `T1/cmbr/m/it' in size <17.28> not available
(Font)              Font shape `T1/cmbr/m/sl' tried instead on input line 142.
LaTeX Font Info:    Font shape `T1/cmbr/b/n' in size <14.4> not available
(Font)              Font shape `T1/cmbr/bx/n' tried instead on input line 146.
[1

\openout5 = `main.ist'.

{/var/lib/texmf/fonts/map/pdftex/updmap/pdftex.map}{/usr/share/texmf/fonts/enc/
dvips/cm-super/cm-super-t1.enc} <./Images/SDULogo-uk.png>]
LaTeX Font Info:    Font shape `T1/cmbr/b/n' in size <24.88> not available
(Font)              Font shape `T1/cmbr/bx/n' tried instead on input line 168.
 (./main.toc
LaTeX Font Info:    Font shape `T1/cmbr/b/n' in size <12> not available
(Font)              Font shape `T1/cmbr/bx/n' tried instead on input line 2.
Package microtype Info: Loading generic protrusion settings for font family
(microtype)             `cmbr' (encoding: OT1).
(microtype)             For optimal results, create family-specific settings.
(microtype)             See the microtype manual for details.
LaTeX Font Info:    Trying to load font information for OML+cmbrm on input line
 3.

(/usr/share/texlive/texmf-dist/tex/latex/cmbright/omlcmbrm.fd
File: omlcmbrm.fd 2005/04/13 v8.1 (WaS)
)
LaTeX Font Info:    Trying to load font information for OMS+cmbrs on input line
 3.

(/usr/share/texlive/texmf-dist/tex/latex/cmbright/omscmbrs.fd
File: omscmbrs.fd 2005/04/13 v8.1 (WaS)
)
(/usr/share/texlive/texmf-dist/tex/latex/microtype/mt-msa.cfg
File: mt-msa.cfg 2006/02/04 v1.1 microtype config. file: AMS symbols (a) (RS)
)
(/usr/share/texlive/texmf-dist/tex/latex/microtype/mt-msb.cfg
File: mt-msb.cfg 2005/06/01 v1.0 microtype config. file: AMS symbols (b) (RS)
) [1

])
\tf@toc=\write9
\openout9 = `main.toc'.

 [2]
(./main.lot

LaTeX Font Warning: Font shape `T1/cmbr/m/sc' undefined
(Font)              using `T1/cmbr/m/n' instead on input line 13.

)
\tf@lot=\write10
\openout10 = `main.lot'.

 (./main.gls) (./main.acr [3

] [4


]) [5] (./Chapters/Abstract.tex)
pdfTeX warning (ext4): destination with the same identifier (name{page.i}) has 
been already used, duplicate ignored
<to be read again> 
                   \relax 
l.183 \chapter
              [Introduction]{Introduction}                          % Short ...
[1]
Chapter 1.
(./Chapters/Introduction.tex
LaTeX Font Info:    Font shape `T1/cmbr/b/n' in size <17.28> not available
(Font)              Font shape `T1/cmbr/bx/n' tried instead on input line 5.
LaTeX Font Info:    Trying to load font information for TS1+cmbr on input line 
10.

(/usr/share/texlive/texmf-dist/tex/latex/cmbright/ts1cmbr.fd
File: ts1cmbr.fd 2005/04/13 v8.1 (WaS)
)
Package microtype Info: Loading generic protrusion settings for font family
(microtype)             `cmbr' (encoding: TS1).
(microtype)             For optimal results, create family-specific settings.
(microtype)             See the microtype manual for details.

pdfTeX warning (ext4): destination with the same identifier (name{page.1}) has 
been already used, duplicate ignored
<to be read again> 
                   \relax 
l.28 \end{itemize}
                   [1

{/usr/share/texmf/fonts/enc/dvips/cm-super/cm-super-ts1.enc}]
LaTeX Font Info:    Font shape `T1/cmbr/m/it' in size <12> not available
(Font)              Font shape `T1/cmbr/m/sl' tried instead on input line 44.


Package fancyhdr Warning: \headheight is too small (14.0pt): 
(fancyhdr)                Make it at least 15.0pt, for example:
(fancyhdr)                \setlength{\headheight}{15.0pt}.
(fancyhdr)                You might also make \topmargin smaller to compensate:

(fancyhdr)                \addtolength{\topmargin}{-1.0pt}.

(/usr/share/texlive/texmf-dist/tex/latex/microtype/mt-cmr.cfg
File: mt-cmr.cfg 2013/05/19 v2.2 microtype config. file: Computer Modern Roman 
(RS)
) [2]

Package fancyhdr Warning: \headheight is too small (14.0pt): 
(fancyhdr)                Make it at least 15.0pt, for example:
(fancyhdr)                \setlength{\headheight}{15.0pt}.
(fancyhdr)                You might also make \topmargin smaller to compensate:

(fancyhdr)                \addtolength{\topmargin}{-1.0pt}.

[3]

Package fancyhdr Warning: \headheight is too small (14.0pt): 
(fancyhdr)                Make it at least 15.0pt, for example:
(fancyhdr)                \setlength{\headheight}{15.0pt}.
(fancyhdr)                You might also make \topmargin smaller to compensate:

(fancyhdr)                \addtolength{\topmargin}{-1.0pt}.

[4])

Package fancyhdr Warning: \headheight is too small (14.0pt): 
(fancyhdr)                Make it at least 15.0pt, for example:
(fancyhdr)                \setlength{\headheight}{15.0pt}.
(fancyhdr)                You might also make \topmargin smaller to compensate:

(fancyhdr)                \addtolength{\topmargin}{-1.0pt}.

[5]

Package fancyhdr Warning: \headheight is too small (14.0pt): 
(fancyhdr)                Make it at least 15.0pt, for example:
(fancyhdr)                \setlength{\headheight}{15.0pt}.
(fancyhdr)                You might also make \topmargin smaller to compensate:

(fancyhdr)                \addtolength{\topmargin}{-1.0pt}.

[6]
Chapter 2.
(./Chapters/ScrumImplementation.tex [7

]

Package fancyhdr Warning: \headheight is too small (14.0pt): 
(fancyhdr)                Make it at least 15.0pt, for example:
(fancyhdr)                \setlength{\headheight}{15.0pt}.
(fancyhdr)                You might also make \topmargin smaller to compensate:

(fancyhdr)                \addtolength{\topmargin}{-1.0pt}.

[8]

Package fancyhdr Warning: \headheight is too small (14.0pt): 
(fancyhdr)                Make it at least 15.0pt, for example:
(fancyhdr)                \setlength{\headheight}{15.0pt}.
(fancyhdr)                You might also make \topmargin smaller to compensate:

(fancyhdr)                \addtolength{\topmargin}{-1.0pt}.

[9])

Package fancyhdr Warning: \headheight is too small (14.0pt): 
(fancyhdr)                Make it at least 15.0pt, for example:
(fancyhdr)                \setlength{\headheight}{15.0pt}.
(fancyhdr)                You might also make \topmargin smaller to compensate:

(fancyhdr)                \addtolength{\topmargin}{-1.0pt}.

[10]
Chapter 3.
(./Chapters/Sprints.tex [11

]

Package fancyhdr Warning: \headheight is too small (14.0pt): 
(fancyhdr)                Make it at least 15.0pt, for example:
(fancyhdr)                \setlength{\headheight}{15.0pt}.
(fancyhdr)                You might also make \topmargin smaller to compensate:

(fancyhdr)                \addtolength{\topmargin}{-1.0pt}.

[12]
<Images/sprint2-burndown-jira.png, id=667, 1926.19624pt x 881.2925pt>
File: Images/sprint2-burndown-jira.png Graphic file (type png)
<use Images/sprint2-burndown-jira.png>
Package pdftex.def Info: Images/sprint2-burndown-jira.png  used on input line 7
1.
(pdftex.def)             Requested size: 405.45047pt x 185.49376pt.
LaTeX Font Info:    Trying to load font information for T1+cmtl on input line 9
0.
 (/usr/share/texlive/texmf-dist/tex/latex/cmbright/t1cmtl.fd
File: t1cmtl.fd 2005/04/13 v8.1 (WaS)
)
Package microtype Info: Loading generic protrusion settings for font family
(microtype)             `cmtl' (encoding: T1).
(microtype)             For optimal results, create family-specific settings.
(microtype)             See the microtype manual for details.


Package fancyhdr Warning: \headheight is too small (14.0pt): 
(fancyhdr)                Make it at least 15.0pt, for example:
(fancyhdr)                \setlength{\headheight}{15.0pt}.
(fancyhdr)                You might also make \topmargin smaller to compensate:

(fancyhdr)                \addtolength{\topmargin}{-1.0pt}.

[13 <./Images/sprint2-burndown-jira.png>]

Package fancyhdr Warning: \headheight is too small (14.0pt): 
(fancyhdr)                Make it at least 15.0pt, for example:
(fancyhdr)                \setlength{\headheight}{15.0pt}.
(fancyhdr)                You might also make \topmargin smaller to compensate:

(fancyhdr)                \addtolength{\topmargin}{-1.0pt}.

[14])

Package fancyhdr Warning: \headheight is too small (14.0pt): 
(fancyhdr)                Make it at least 15.0pt, for example:
(fancyhdr)                \setlength{\headheight}{15.0pt}.
(fancyhdr)                You might also make \topmargin smaller to compensate:

(fancyhdr)                \addtolength{\topmargin}{-1.0pt}.

[15]
Chapter 4.
(./Chapters/Solution.tex
<Images/ActivityDiagram.png, id=703, 1446.40375pt x 1206.5075pt>
File: Images/ActivityDiagram.png Graphic file (type png)
<use Images/ActivityDiagram.png>
Package pdftex.def Info: Images/ActivityDiagram.png  used on input line 17.
(pdftex.def)             Requested size: 426.79135pt x 356.00868pt.
 [16

]

Package fancyhdr Warning: \headheight is too small (14.0pt): 
(fancyhdr)                Make it at least 15.0pt, for example:
(fancyhdr)                \setlength{\headheight}{15.0pt}.
(fancyhdr)                You might also make \topmargin smaller to compensate:

(fancyhdr)                \addtolength{\topmargin}{-1.0pt}.

[17 <./Images/ActivityDiagram.png>]
<Images/SequenceDiagram.png, id=715, 1446.40375pt x 763.85374pt>
File: Images/SequenceDiagram.png Graphic file (type png)
<use Images/SequenceDiagram.png>
Package pdftex.def Info: Images/SequenceDiagram.png  used on input line 37.
(pdftex.def)             Requested size: 426.79135pt x 225.39317pt.


Package fancyhdr Warning: \headheight is too small (14.0pt): 
(fancyhdr)                Make it at least 15.0pt, for example:
(fancyhdr)                \setlength{\headheight}{15.0pt}.
(fancyhdr)                You might also make \topmargin smaller to compensate:

(fancyhdr)                \addtolength{\topmargin}{-1.0pt}.

[18 <./Images/SequenceDiagram.png>]
<Images/ClassDiagram.png, id=723, 1315.91624pt x 1556.81625pt>
File: Images/ClassDiagram.png Graphic file (type png)
<use Images/ClassDiagram.png>
Package pdftex.def Info: Images/ClassDiagram.png  used on input line 57.
(pdftex.def)             Requested size: 426.79135pt x 504.91408pt.


Package fancyhdr Warning: \headheight is too small (14.0pt): 
(fancyhdr)                Make it at least 15.0pt, for example:
(fancyhdr)                \setlength{\headheight}{15.0pt}.
(fancyhdr)                You might also make \topmargin smaller to compensate:

(fancyhdr)                \addtolength{\topmargin}{-1.0pt}.

[19]

Package fancyhdr Warning: \headheight is too small (14.0pt): 
(fancyhdr)                Make it at least 15.0pt, for example:
(fancyhdr)                \setlength{\headheight}{15.0pt}.
(fancyhdr)                You might also make \topmargin smaller to compensate:

(fancyhdr)                \addtolength{\topmargin}{-1.0pt}.

[20 <./Images/ClassDiagram.png>])

Package fancyhdr Warning: \headheight is too small (14.0pt): 
(fancyhdr)                Make it at least 15.0pt, for example:
(fancyhdr)                \setlength{\headheight}{15.0pt}.
(fancyhdr)                You might also make \topmargin smaller to compensate:

(fancyhdr)                \addtolength{\topmargin}{-1.0pt}.

[21]
Chapter 5.
(./Chapters/Implementation.tex

Package hyperref Warning: Token not allowed in a PDF string (Unicode):
(hyperref)                removing `\acrshort' on input line 9.


Package hyperref Warning: Token not allowed in a PDF string (Unicode):
(hyperref)                removing `\acrshort' on input line 9.

[22

]

Package hyperref Warning: Token not allowed in a PDF string (Unicode):
(hyperref)                removing `\acrshort' on input line 24.


Package fancyhdr Warning: \headheight is too small (14.0pt): 
(fancyhdr)                Make it at least 15.0pt, for example:
(fancyhdr)                \setlength{\headheight}{15.0pt}.
(fancyhdr)                You might also make \topmargin smaller to compensate:

(fancyhdr)                \addtolength{\topmargin}{-1.0pt}.

[23]

Package fancyhdr Warning: \headheight is too small (14.0pt): 
(fancyhdr)                Make it at least 15.0pt, for example:
(fancyhdr)                \setlength{\headheight}{15.0pt}.
(fancyhdr)                You might also make \topmargin smaller to compensate:

(fancyhdr)                \addtolength{\topmargin}{-1.0pt}.

[24]
Underfull \hbox (badness 3250) in paragraph at lines 67--68
\T1/cmtl/m/n/12 CurrentScenario \T1/cmbr/m/sc/12 (+20) method. Af-ter-wards, th
e \T1/cmtl/m/n/12 SyncOptimization
 []


Package fancyhdr Warning: \headheight is too small (14.0pt): 
(fancyhdr)                Make it at least 15.0pt, for example:
(fancyhdr)                \setlength{\headheight}{15.0pt}.
(fancyhdr)                You might also make \topmargin smaller to compensate:

(fancyhdr)                \addtolength{\topmargin}{-1.0pt}.

[25]

Package fancyhdr Warning: \headheight is too small (14.0pt): 
(fancyhdr)                Make it at least 15.0pt, for example:
(fancyhdr)                \setlength{\headheight}{15.0pt}.
(fancyhdr)                You might also make \topmargin smaller to compensate:

(fancyhdr)                \addtolength{\topmargin}{-1.0pt}.

[26]

Package fancyhdr Warning: \headheight is too small (14.0pt): 
(fancyhdr)                Make it at least 15.0pt, for example:
(fancyhdr)                \setlength{\headheight}{15.0pt}.
(fancyhdr)                You might also make \topmargin smaller to compensate:

(fancyhdr)                \addtolength{\topmargin}{-1.0pt}.

[27]
Overfull \hbox (8.24496pt too wide) in paragraph at lines 127--129
\T1/cmbr/m/sc/12 (-20) The \T1/cmtl/m/n/12 SourceDataLoader \T1/cmbr/m/sc/12 (-
20) class reads time based op-er-a-tional data from \T1/cmtl/m/n/12 SourceData.
csv\T1/cmbr/m/sc/12 (-20) ,
 []


Package fancyhdr Warning: \headheight is too small (14.0pt): 
(fancyhdr)                Make it at least 15.0pt, for example:
(fancyhdr)                \setlength{\headheight}{15.0pt}.
(fancyhdr)                You might also make \topmargin smaller to compensate:

(fancyhdr)                \addtolength{\topmargin}{-1.0pt}.

[28]
Overfull \hbox (4.5517pt too wide) in paragraph at lines 164--171
\T1/cmbr/m/sc/12 (-20) header row \T1/cmtl/m/n/12 Time,HeatMWh,Electricity,Prod
uctionCost,FuelConsumption,Co2-
 []

)

Package fancyhdr Warning: \headheight is too small (14.0pt): 
(fancyhdr)                Make it at least 15.0pt, for example:
(fancyhdr)                \setlength{\headheight}{15.0pt}.
(fancyhdr)                You might also make \topmargin smaller to compensate:

(fancyhdr)                \addtolength{\topmargin}{-1.0pt}.

[29]
Chapter 6.
(./Chapters/Discussion.tex [30

]

Package fancyhdr Warning: \headheight is too small (14.0pt): 
(fancyhdr)                Make it at least 15.0pt, for example:
(fancyhdr)                \setlength{\headheight}{15.0pt}.
(fancyhdr)                You might also make \topmargin smaller to compensate:

(fancyhdr)                \addtolength{\topmargin}{-1.0pt}.

[31]

Package fancyhdr Warning: \headheight is too small (14.0pt): 
(fancyhdr)                Make it at least 15.0pt, for example:
(fancyhdr)                \setlength{\headheight}{15.0pt}.
(fancyhdr)                You might also make \topmargin smaller to compensate:

(fancyhdr)                \addtolength{\topmargin}{-1.0pt}.

[32]

Package fancyhdr Warning: \headheight is too small (14.0pt): 
(fancyhdr)                Make it at least 15.0pt, for example:
(fancyhdr)                \setlength{\headheight}{15.0pt}.
(fancyhdr)                You might also make \topmargin smaller to compensate:

(fancyhdr)                \addtolength{\topmargin}{-1.0pt}.

[33]
Overfull \hbox (11.05914pt too wide) in paragraph at lines 92--93
\T1/cmbr/m/sc/12 (-20) All the tests were built on the xU-nit frame-work. For t
est-ing the [][][]GUI[][], the \T1/cmtl/m/n/12 Avalonia.Head-
 []


Package fancyhdr Warning: \headheight is too small (14.0pt): 
(fancyhdr)                Make it at least 15.0pt, for example:
(fancyhdr)                \setlength{\headheight}{15.0pt}.
(fancyhdr)                You might also make \topmargin smaller to compensate:

(fancyhdr)                \addtolength{\topmargin}{-1.0pt}.

[34]

Package fancyhdr Warning: \headheight is too small (14.0pt): 
(fancyhdr)                Make it at least 15.0pt, for example:
(fancyhdr)                \setlength{\headheight}{15.0pt}.
(fancyhdr)                You might also make \topmargin smaller to compensate:

(fancyhdr)                \addtolength{\topmargin}{-1.0pt}.

[35]

Package fancyhdr Warning: \headheight is too small (14.0pt): 
(fancyhdr)                Make it at least 15.0pt, for example:
(fancyhdr)                \setlength{\headheight}{15.0pt}.
(fancyhdr)                You might also make \topmargin smaller to compensate:

(fancyhdr)                \addtolength{\topmargin}{-1.0pt}.

[36])

Package fancyhdr Warning: \headheight is too small (14.0pt): 
(fancyhdr)                Make it at least 15.0pt, for example:
(fancyhdr)                \setlength{\headheight}{15.0pt}.
(fancyhdr)                You might also make \topmargin smaller to compensate:

(fancyhdr)                \addtolength{\topmargin}{-1.0pt}.

[37]
Chapter 7.
(./Chapters/Conclusion.tex) [38

]
Chapter 8.
(./Chapters/Acknowledgements.tex [39

]

Package fancyhdr Warning: \headheight is too small (14.0pt): 
(fancyhdr)                Make it at least 15.0pt, for example:
(fancyhdr)                \setlength{\headheight}{15.0pt}.
(fancyhdr)                You might also make \topmargin smaller to compensate:

(fancyhdr)                \addtolength{\topmargin}{-1.0pt}.

[40])

Package fancyhdr Warning: \headheight is too small (14.0pt): 
(fancyhdr)                Make it at least 15.0pt, for example:
(fancyhdr)                \setlength{\headheight}{15.0pt}.
(fancyhdr)                You might also make \topmargin smaller to compensate:

(fancyhdr)                \addtolength{\topmargin}{-1.0pt}.

[41]
Appendix A.
(./Chapters/Appendix.tex
<Images/SupervisorAgreement.pdf, id=915, 598.15468pt x 846.0408pt>
File: Images/SupervisorAgreement.pdf Graphic file (type pdf)
<use Images/SupervisorAgreement.pdf>
Package pdftex.def Info: Images/SupervisorAgreement.pdf  used on input line 6.
(pdftex.def)             Requested size: 598.15321pt x 846.03874pt.
File: Images/SupervisorAgreement.pdf Graphic file (type pdf)
<use Images/SupervisorAgreement.pdf>
Package pdftex.def Info: Images/SupervisorAgreement.pdf  used on input line 6.
(pdftex.def)             Requested size: 598.15321pt x 846.03874pt.
<Images/SupervisorAgreement.pdf, id=918, page=1, 598.15468pt x 846.0408pt>
File: Images/SupervisorAgreement.pdf Graphic file (type pdf)
<use Images/SupervisorAgreement.pdf, page 1>
Package pdftex.def Info: Images/SupervisorAgreement.pdf , page1 used on input l
ine 6.
(pdftex.def)             Requested size: 598.15321pt x 846.03874pt.
File: Images/SupervisorAgreement.pdf Graphic file (type pdf)
<use Images/SupervisorAgreement.pdf, page 1>
Package pdftex.def Info: Images/SupervisorAgreement.pdf , page1 used on input l
ine 6.
(pdftex.def)             Requested size: 597.4778pt x 845.08344pt.
 [42

]
File: Images/SupervisorAgreement.pdf Graphic file (type pdf)
<use Images/SupervisorAgreement.pdf, page 1>
Package pdftex.def Info: Images/SupervisorAgreement.pdf , page1 used on input l
ine 6.
(pdftex.def)             Requested size: 597.4778pt x 845.08344pt.
File: Images/SupervisorAgreement.pdf Graphic file (type pdf)
<use Images/SupervisorAgreement.pdf, page 1>
Package pdftex.def Info: Images/SupervisorAgreement.pdf , page1 used on input l
ine 6.
(pdftex.def)             Requested size: 597.4778pt x 845.08344pt.
File: Images/SupervisorAgreement.pdf Graphic file (type pdf)
<use Images/SupervisorAgreement.pdf, page 1>
Package pdftex.def Info: Images/SupervisorAgreement.pdf , page1 used on input l
ine 6.
(pdftex.def)             Requested size: 597.4778pt x 845.08344pt.
 [43

 <./Images/SupervisorAgreement.pdf>]
<Images/SupervisorAgreement.pdf, id=966, page=2, 598.15468pt x 846.0408pt>
File: Images/SupervisorAgreement.pdf Graphic file (type pdf)
<use Images/SupervisorAgreement.pdf, page 2>
Package pdftex.def Info: Images/SupervisorAgreement.pdf , page2 used on input l
ine 6.
(pdftex.def)             Requested size: 597.4778pt x 845.08344pt.
File: Images/SupervisorAgreement.pdf Graphic file (type pdf)
<use Images/SupervisorAgreement.pdf, page 2>
Package pdftex.def Info: Images/SupervisorAgreement.pdf , page2 used on input l
ine 6.
(pdftex.def)             Requested size: 597.4778pt x 845.08344pt.
File: Images/SupervisorAgreement.pdf Graphic file (type pdf)
<use Images/SupervisorAgreement.pdf, page 2>
Package pdftex.def Info: Images/SupervisorAgreement.pdf , page2 used on input l
ine 6.
(pdftex.def)             Requested size: 597.4778pt x 845.08344pt.
 [44

 <./Images/SupervisorAgreement.pdf>]
<Images/SupervisorAgreement.pdf, id=971, page=3, 598.15468pt x 846.0408pt>
File: Images/SupervisorAgreement.pdf Graphic file (type pdf)
<use Images/SupervisorAgreement.pdf, page 3>
Package pdftex.def Info: Images/SupervisorAgreement.pdf , page3 used on input l
ine 6.
(pdftex.def)             Requested size: 597.4778pt x 845.08344pt.
File: Images/SupervisorAgreement.pdf Graphic file (type pdf)
<use Images/SupervisorAgreement.pdf, page 3>
Package pdftex.def Info: Images/SupervisorAgreement.pdf , page3 used on input l
ine 6.
(pdftex.def)             Requested size: 597.4778pt x 845.08344pt.
File: Images/SupervisorAgreement.pdf Graphic file (type pdf)
<use Images/SupervisorAgreement.pdf, page 3>
Package pdftex.def Info: Images/SupervisorAgreement.pdf , page3 used on input l
ine 6.
(pdftex.def)             Requested size: 597.4778pt x 845.08344pt.
 [45

 <./Images/SupervisorAgreement.pdf>]
<Images/SupervisorAgreement.pdf, id=981, page=4, 598.15468pt x 846.0408pt>
File: Images/SupervisorAgreement.pdf Graphic file (type pdf)
<use Images/SupervisorAgreement.pdf, page 4>
Package pdftex.def Info: Images/SupervisorAgreement.pdf , page4 used on input l
ine 6.
(pdftex.def)             Requested size: 597.4778pt x 845.08344pt.
File: Images/SupervisorAgreement.pdf Graphic file (type pdf)
<use Images/SupervisorAgreement.pdf, page 4>
Package pdftex.def Info: Images/SupervisorAgreement.pdf , page4 used on input l
ine 6.
(pdftex.def)             Requested size: 597.4778pt x 845.08344pt.
File: Images/SupervisorAgreement.pdf Graphic file (type pdf)
<use Images/SupervisorAgreement.pdf, page 4>
Package pdftex.def Info: Images/SupervisorAgreement.pdf , page4 used on input l
ine 6.
(pdftex.def)             Requested size: 597.4778pt x 845.08344pt.
 [46

 <./Images/SupervisorAgreement.pdf>]
<Images/GroupAgreement.pdf, id=1006, 598.235pt x 845.1575pt>
File: Images/GroupAgreement.pdf Graphic file (type pdf)
<use Images/GroupAgreement.pdf>
Package pdftex.def Info: Images/GroupAgreement.pdf  used on input line 10.
(pdftex.def)             Requested size: 598.23354pt x 845.15544pt.
File: Images/GroupAgreement.pdf Graphic file (type pdf)
<use Images/GroupAgreement.pdf>
Package pdftex.def Info: Images/GroupAgreement.pdf  used on input line 10.
(pdftex.def)             Requested size: 598.23354pt x 845.15544pt.
<Images/GroupAgreement.pdf, id=1009, page=1, 598.235pt x 845.1575pt>
File: Images/GroupAgreement.pdf Graphic file (type pdf)
<use Images/GroupAgreement.pdf, page 1>
Package pdftex.def Info: Images/GroupAgreement.pdf , page1 used on input line 1
0.
(pdftex.def)             Requested size: 598.23354pt x 845.15544pt.
File: Images/GroupAgreement.pdf Graphic file (type pdf)
<use Images/GroupAgreement.pdf, page 1>
Package pdftex.def Info: Images/GroupAgreement.pdf , page1 used on input line 1
0.
(pdftex.def)             Requested size: 597.7406pt x 844.45905pt.


Package fancyhdr Warning: \headheight is too small (14.0pt): 
(fancyhdr)                Make it at least 15.0pt, for example:
(fancyhdr)                \setlength{\headheight}{15.0pt}.
(fancyhdr)                You might also make \topmargin smaller to compensate:

(fancyhdr)                \addtolength{\topmargin}{-1.0pt}.

[47]
File: Images/GroupAgreement.pdf Graphic file (type pdf)
<use Images/GroupAgreement.pdf, page 1>
Package pdftex.def Info: Images/GroupAgreement.pdf , page1 used on input line 1
0.
(pdftex.def)             Requested size: 597.7406pt x 844.45905pt.
File: Images/GroupAgreement.pdf Graphic file (type pdf)
<use Images/GroupAgreement.pdf, page 1>
Package pdftex.def Info: Images/GroupAgreement.pdf , page1 used on input line 1
0.
(pdftex.def)             Requested size: 597.7406pt x 844.45905pt.
File: Images/GroupAgreement.pdf Graphic file (type pdf)
<use Images/GroupAgreement.pdf, page 1>
Package pdftex.def Info: Images/GroupAgreement.pdf , page1 used on input line 1
0.
(pdftex.def)             Requested size: 597.7406pt x 844.45905pt.
 [48

 <./Images/GroupAgreement.pdf>]
<Images/GroupAgreement.pdf, id=1031, page=2, 598.235pt x 845.1575pt>
File: Images/GroupAgreement.pdf Graphic file (type pdf)
<use Images/GroupAgreement.pdf, page 2>
Package pdftex.def Info: Images/GroupAgreement.pdf , page2 used on input line 1
0.
(pdftex.def)             Requested size: 597.7406pt x 844.45905pt.
File: Images/GroupAgreement.pdf Graphic file (type pdf)
<use Images/GroupAgreement.pdf, page 2>
Package pdftex.def Info: Images/GroupAgreement.pdf , page2 used on input line 1
0.
(pdftex.def)             Requested size: 597.7406pt x 844.45905pt.
File: Images/GroupAgreement.pdf Graphic file (type pdf)
<use Images/GroupAgreement.pdf, page 2>
Package pdftex.def Info: Images/GroupAgreement.pdf , page2 used on input line 1
0.
(pdftex.def)             Requested size: 597.7406pt x 844.45905pt.
 [49

 <./Images/GroupAgreement.pdf>]
Overfull \hbox (37.59996pt too wide) in paragraph at lines 19--36
 [][] 
 []


Package fancyhdr Warning: \headheight is too small (14.0pt): 
(fancyhdr)                Make it at least 15.0pt, for example:
(fancyhdr)                \setlength{\headheight}{15.0pt}.
(fancyhdr)                You might also make \topmargin smaller to compensate:

(fancyhdr)                \addtolength{\topmargin}{-1.0pt}.

[50]
Underfull \hbox (badness 1178) in paragraph at lines 51--51
[]|\T1/cmbr/m/sc/12 (+20) Pavel Seli-avko, Zoe Elea
 []


Underfull \hbox (badness 1178) in paragraph at lines 53--53
[]|\T1/cmbr/m/sc/12 (+20) Pavel Seli-avko, Zoe Elea
 []


Package fancyhdr Warning: \headheight is too small (14.0pt): 
(fancyhdr)                Make it at least 15.0pt, for example:
(fancyhdr)                \setlength{\headheight}{15.0pt}.
(fancyhdr)                You might also make \topmargin smaller to compensate:

(fancyhdr)                \addtolength{\topmargin}{-1.0pt}.

[51]
<Images/sprint1-backlog-end.png, id=1074, 2055.68pt x 1107.13625pt>
File: Images/sprint1-backlog-end.png Graphic file (type png)
<use Images/sprint1-backlog-end.png>
Package pdftex.def Info: Images/sprint1-backlog-end.png  used on input line 66.

(pdftex.def)             Requested size: 405.45047pt x 218.3656pt.


Package fancyhdr Warning: \headheight is too small (14.0pt): 
(fancyhdr)                Make it at least 15.0pt, for example:
(fancyhdr)                \setlength{\headheight}{15.0pt}.
(fancyhdr)                You might also make \topmargin smaller to compensate:

(fancyhdr)                \addtolength{\topmargin}{-1.0pt}.

[52 <./Images/sprint1-backlog-end.png>]
<Images/sprint2-backlog-start.png, id=1080, 1868.9825pt x 456.70625pt>
File: Images/sprint2-backlog-start.png Graphic file (type png)
<use Images/sprint2-backlog-start.png>
Package pdftex.def Info: Images/sprint2-backlog-start.png  used on input line 7
5.
(pdftex.def)             Requested size: 405.45047pt x 99.07495pt.
<Images/sprint2-backlog-end.png, id=1081, 1193.96063pt x 312.41719pt>
File: Images/sprint2-backlog-end.png Graphic file (type png)
<use Images/sprint2-backlog-end.png>
Package pdftex.def Info: Images/sprint2-backlog-end.png  used on input line 82.

(pdftex.def)             Requested size: 405.45047pt x 106.09172pt.


Package fancyhdr Warning: \headheight is too small (14.0pt): 
(fancyhdr)                Make it at least 15.0pt, for example:
(fancyhdr)                \setlength{\headheight}{15.0pt}.
(fancyhdr)                You might also make \topmargin smaller to compensate:

(fancyhdr)                \addtolength{\topmargin}{-1.0pt}.

[53 <./Images/sprint2-backlog-start.png> <./Images/sprint2-backlog-end.png>]
<Images/sprint3-backlog-start-1.png, id=1087, 1386.68062pt x 694.09312pt>
File: Images/sprint3-backlog-start-1.png Graphic file (type png)
<use Images/sprint3-backlog-start-1.png>
Package pdftex.def Info: Images/sprint3-backlog-start-1.png  used on input line
 91.
(pdftex.def)             Requested size: 405.45047pt x 202.94463pt.
<Images/sprint3-backlog-start-2.png, id=1088, 1383.66937pt x 682.04813pt>
File: Images/sprint3-backlog-start-2.png Graphic file (type png)
<use Images/sprint3-backlog-start-2.png>
Package pdftex.def Info: Images/sprint3-backlog-start-2.png  used on input line
 92.
(pdftex.def)             Requested size: 405.45047pt x 199.84952pt.
<Images/sprint3-backlog-start-3.png, id=1089, 1384.42218pt x 129.48375pt>
File: Images/sprint3-backlog-start-3.png Graphic file (type png)
<use Images/sprint3-backlog-start-3.png>
Package pdftex.def Info: Images/sprint3-backlog-start-3.png  used on input line
 93.
(pdftex.def)             Requested size: 405.45047pt x 37.92076pt.
<Images/sprint3-backlog-16apr-1.png, id=1090, 1428.83812pt x 812.28468pt>
File: Images/sprint3-backlog-16apr-1.png Graphic file (type png)
<use Images/sprint3-backlog-16apr-1.png>
Package pdftex.def Info: Images/sprint3-backlog-16apr-1.png  used on input line
 100.
(pdftex.def)             Requested size: 405.45047pt x 230.4872pt.
<Images/sprint3-backlog-16apr-2.png, id=1091, 1429.59094pt x 698.61pt>
File: Images/sprint3-backlog-16apr-2.png Graphic file (type png)
<use Images/sprint3-backlog-16apr-2.png>
Package pdftex.def Info: Images/sprint3-backlog-16apr-2.png  used on input line
 101.
(pdftex.def)             Requested size: 405.45047pt x 198.13586pt.
<Images/sprint3-backlog-16apr-3.png, id=1092, 1428.08531pt x 163.3603pt>
File: Images/sprint3-backlog-16apr-3.png Graphic file (type png)
<use Images/sprint3-backlog-16apr-3.png>
Package pdftex.def Info: Images/sprint3-backlog-16apr-3.png  used on input line
 102.
(pdftex.def)             Requested size: 405.45047pt x 46.3787pt.
LaTeX Font Info:    Font shape `T1/cmbr/b/n' in size <10.95> not available
(Font)              Font shape `T1/cmbr/bx/n' tried instead on input line 115.

Underfull \hbox (badness 10000) in paragraph at lines 118--118
[]|\T1/cmbr/m/n/10.95 (+20) Having too long
 []


Underfull \hbox (badness 10000) in paragraph at lines 118--118
\T1/cmbr/m/n/10.95 (+20) standup meet-ings;
 []


Underfull \hbox (badness 10000) in paragraph at lines 119--119
[]|\T1/cmbr/m/n/10.95 (+20) Pair pro-gram-ming
 []


Underfull \hbox (badness 1521) in paragraph at lines 122--122
[]|\T1/cmbr/m/n/10.95 (+20) Update UML while
 []


Underfull \hbox (badness 10000) in paragraph at lines 127--127
\T1/cmbr/m/n/10.95 (+20) the meet-ing, e.g.
 []


Underfull \hbox (badness 2376) in paragraph at lines 127--127
\T1/cmbr/m/n/10.95 (+20) 10min break ev-ery
 []


Underfull \hbox (badness 3919) in paragraph at lines 137--137
\T1/cmbr/m/n/10.95 (+20) sprint plan-ning for
 []


Underfull \hbox (badness 1448) in paragraph at lines 145--146
\T1/cmbr/m/n/10.95 (+20) to avoid con-fu-sion;
 []


Underfull \hbox (badness 2213) in paragraph at lines 167--167
[]|\T1/cmbr/m/n/10.95 (+20) Update each other
 []


Overfull \hbox (1.8494pt too wide) in paragraph at lines 113--173
 [][] 
 []


Package fancyhdr Warning: \headheight is too small (14.0pt): 
(fancyhdr)                Make it at least 15.0pt, for example:
(fancyhdr)                \setlength{\headheight}{15.0pt}.
(fancyhdr)                You might also make \topmargin smaller to compensate:

(fancyhdr)                \addtolength{\topmargin}{-1.0pt}.

[54 <./Images/sprint3-backlog-start-1.png> <./Images/sprint3-backlog-start-2.pn
g> <./Images/sprint3-backlog-start-3.png>]

Package fancyhdr Warning: \headheight is too small (14.0pt): 
(fancyhdr)                Make it at least 15.0pt, for example:
(fancyhdr)                \setlength{\headheight}{15.0pt}.
(fancyhdr)                You might also make \topmargin smaller to compensate:

(fancyhdr)                \addtolength{\topmargin}{-1.0pt}.

[55 <./Images/sprint3-backlog-16apr-1.png> <./Images/sprint3-backlog-16apr-2.pn
g> <./Images/sprint3-backlog-16apr-3.png>]

Package fancyhdr Warning: \headheight is too small (14.0pt): 
(fancyhdr)                Make it at least 15.0pt, for example:
(fancyhdr)                \setlength{\headheight}{15.0pt}.
(fancyhdr)                You might also make \topmargin smaller to compensate:

(fancyhdr)                \addtolength{\topmargin}{-1.0pt}.

[56]
<Images/sprint4-completed-1.png, id=1112, 1432.60219pt x 748.29562pt>
File: Images/sprint4-completed-1.png Graphic file (type png)
<use Images/sprint4-completed-1.png>
Package pdftex.def Info: Images/sprint4-completed-1.png  used on input line 179
.
(pdftex.def)             Requested size: 405.45047pt x 211.77069pt.
<Images/sprint4-completed-2.png, id=1113, 1428.83812pt x 734.745pt>
File: Images/sprint4-completed-2.png Graphic file (type png)
<use Images/sprint4-completed-2.png>
Package pdftex.def Info: Images/sprint4-completed-2.png  used on input line 180
.
(pdftex.def)             Requested size: 405.45047pt x 208.48517pt.
<Images/sprint4-incomplete.png, id=1114, 1430.34375pt x 416.30531pt>
File: Images/sprint4-incomplete.png Graphic file (type png)
<use Images/sprint4-incomplete.png>
Package pdftex.def Info: Images/sprint4-incomplete.png  used on input line 187.

(pdftex.def)             Requested size: 405.45047pt x 118.00665pt.


Package fancyhdr Warning: \headheight is too small (14.0pt): 
(fancyhdr)                Make it at least 15.0pt, for example:
(fancyhdr)                \setlength{\headheight}{15.0pt}.
(fancyhdr)                You might also make \topmargin smaller to compensate:

(fancyhdr)                \addtolength{\topmargin}{-1.0pt}.

[57 <./Images/sprint4-completed-1.png> <./Images/sprint4-completed-2.png>]
<Images/sprint5-backlog-start.png, id=1121, 1430.34375pt x 812.28468pt>
File: Images/sprint5-backlog-start.png Graphic file (type png)
<use Images/sprint5-backlog-start.png>
Package pdftex.def Info: Images/sprint5-backlog-start.png  used on input line 1
96.
(pdftex.def)             Requested size: 405.45047pt x 230.2517pt.


Package fancyhdr Warning: \headheight is too small (14.0pt): 
(fancyhdr)                Make it at least 15.0pt, for example:
(fancyhdr)                \setlength{\headheight}{15.0pt}.
(fancyhdr)                You might also make \topmargin smaller to compensate:

(fancyhdr)                \addtolength{\topmargin}{-1.0pt}.

[58 <./Images/sprint4-incomplete.png> <./Images/sprint5-backlog-start.png>]
<Images/AM-InitializeMethod.png, id=1128, 1129.97156pt x 465.99094pt>
File: Images/AM-InitializeMethod.png Graphic file (type png)
<use Images/AM-InitializeMethod.png>
Package pdftex.def Info: Images/AM-InitializeMethod.png  used on input line 209
.
(pdftex.def)             Requested size: 426.79135pt x 176.00471pt.
<Images/AM-DataForOptimizerMethod.png, id=1129, 733.74126pt x 244.41313pt>
File: Images/AM-DataForOptimizerMethod.png Graphic file (type png)
<use Images/AM-DataForOptimizerMethod.png>
Package pdftex.def Info: Images/AM-DataForOptimizerMethod.png  used on input li
ne 216.
(pdftex.def)             Requested size: 426.79135pt x 142.16994pt.
<Images/GenToOpAd.png, id=1130, 690.07813pt x 429.605pt>
File: Images/GenToOpAd.png Graphic file (type png)
<use Images/GenToOpAd.png>
Package pdftex.def Info: Images/GenToOpAd.png  used on input line 223.
(pdftex.def)             Requested size: 426.79135pt x 265.69682pt.
<Images/SourceDataManager.png, id=1131, 550.055pt x 372.39125pt>
File: Images/SourceDataManager.png Graphic file (type png)
<use Images/SourceDataManager.png>
Package pdftex.def Info: Images/SourceDataManager.png  used on input line 232.
(pdftex.def)             Requested size: 426.79135pt x 288.95253pt.
<Images/OP_CalculateHeatPerPrice-methode.png, id=1132, 1129.97156pt x 322.95656
pt>
File: Images/OP_CalculateHeatPerPrice-methode.png Graphic file (type png)
<use Images/OP_CalculateHeatPerPrice-methode.png>
Package pdftex.def Info: Images/OP_CalculateHeatPerPrice-methode.png  used on i
nput line 241.
(pdftex.def)             Requested size: 426.79135pt x 121.98065pt.
<Images/OP_Sorting-methode.png, id=1133, 724.20563pt x 372.39125pt>
File: Images/OP_Sorting-methode.png Graphic file (type png)
<use Images/OP_Sorting-methode.png>
Package pdftex.def Info: Images/OP_Sorting-methode.png  used on input line 248.

(pdftex.def)             Requested size: 426.79135pt x 219.45891pt.
<Images/OP_Optimize-methode1.png, id=1134, 479.29062pt x 128.48pt>
File: Images/OP_Optimize-methode1.png Graphic file (type png)
<use Images/OP_Optimize-methode1.png>
Package pdftex.def Info: Images/OP_Optimize-methode1.png  used on input line 25
5.
(pdftex.def)             Requested size: 426.79135pt x 114.4076pt.
<Images/OP_Optimize-methode2.png, id=1135, 696.10063pt x 334.75063pt>
File: Images/OP_Optimize-methode2.png Graphic file (type png)
<use Images/OP_Optimize-methode2.png>
Package pdftex.def Info: Images/OP_Optimize-methode2.png  used on input line 25
6.
(pdftex.def)             Requested size: 426.79135pt x 205.23958pt.
<Images/MeetingLogs.pdf, id=1136, 598.235pt x 845.1575pt>
File: Images/MeetingLogs.pdf Graphic file (type pdf)
<use Images/MeetingLogs.pdf>
Package pdftex.def Info: Images/MeetingLogs.pdf  used on input line 262.
(pdftex.def)             Requested size: 598.23354pt x 845.15544pt.
File: Images/MeetingLogs.pdf Graphic file (type pdf)
<use Images/MeetingLogs.pdf>
Package pdftex.def Info: Images/MeetingLogs.pdf  used on input line 262.
(pdftex.def)             Requested size: 598.23354pt x 845.15544pt.
<Images/MeetingLogs.pdf, id=1139, page=1, 598.235pt x 845.1575pt>
File: Images/MeetingLogs.pdf Graphic file (type pdf)
<use Images/MeetingLogs.pdf, page 1>
Package pdftex.def Info: Images/MeetingLogs.pdf , page1 used on input line 262.

(pdftex.def)             Requested size: 598.23354pt x 845.15544pt.
File: Images/MeetingLogs.pdf Graphic file (type pdf)
<use Images/MeetingLogs.pdf, page 1>
Package pdftex.def Info: Images/MeetingLogs.pdf , page1 used on input line 262.

(pdftex.def)             Requested size: 597.7406pt x 844.45905pt.


Package fancyhdr Warning: \headheight is too small (14.0pt): 
(fancyhdr)                Make it at least 15.0pt, for example:
(fancyhdr)                \setlength{\headheight}{15.0pt}.
(fancyhdr)                You might also make \topmargin smaller to compensate:

(fancyhdr)                \addtolength{\topmargin}{-1.0pt}.

[59 <./Images/AM-InitializeMethod.png> <./Images/AM-DataForOptimizerMethod.png>
]
File: Images/MeetingLogs.pdf Graphic file (type pdf)
<use Images/MeetingLogs.pdf, page 1>
Package pdftex.def Info: Images/MeetingLogs.pdf , page1 used on input line 262.

(pdftex.def)             Requested size: 597.7406pt x 844.45905pt.
File: Images/MeetingLogs.pdf Graphic file (type pdf)
<use Images/MeetingLogs.pdf, page 1>
Package pdftex.def Info: Images/MeetingLogs.pdf , page1 used on input line 262.

(pdftex.def)             Requested size: 597.7406pt x 844.45905pt.
File: Images/MeetingLogs.pdf Graphic file (type pdf)
<use Images/MeetingLogs.pdf, page 1>
Package pdftex.def Info: Images/MeetingLogs.pdf , page1 used on input line 262.

(pdftex.def)             Requested size: 597.7406pt x 844.45905pt.
 [60

 <./Images/MeetingLogs.pdf>]
<Images/MeetingLogs.pdf, id=1166, page=2, 598.235pt x 845.1575pt>
File: Images/MeetingLogs.pdf Graphic file (type pdf)
<use Images/MeetingLogs.pdf, page 2>
Package pdftex.def Info: Images/MeetingLogs.pdf , page2 used on input line 262.

(pdftex.def)             Requested size: 597.7406pt x 844.45905pt.
File: Images/MeetingLogs.pdf Graphic file (type pdf)
<use Images/MeetingLogs.pdf, page 2>
Package pdftex.def Info: Images/MeetingLogs.pdf , page2 used on input line 262.

(pdftex.def)             Requested size: 597.7406pt x 844.45905pt.
File: Images/MeetingLogs.pdf Graphic file (type pdf)
<use Images/MeetingLogs.pdf, page 2>
Package pdftex.def Info: Images/MeetingLogs.pdf , page2 used on input line 262.

(pdftex.def)             Requested size: 597.7406pt x 844.45905pt.
 [61

 <./Images/MeetingLogs.pdf>]
<Images/MeetingLogs.pdf, id=1172, page=3, 598.235pt x 845.1575pt>
File: Images/MeetingLogs.pdf Graphic file (type pdf)
<use Images/MeetingLogs.pdf, page 3>
Package pdftex.def Info: Images/MeetingLogs.pdf , page3 used on input line 262.

(pdftex.def)             Requested size: 597.7406pt x 844.45905pt.
File: Images/MeetingLogs.pdf Graphic file (type pdf)
<use Images/MeetingLogs.pdf, page 3>
Package pdftex.def Info: Images/MeetingLogs.pdf , page3 used on input line 262.

(pdftex.def)             Requested size: 597.7406pt x 844.45905pt.
File: Images/MeetingLogs.pdf Graphic file (type pdf)
<use Images/MeetingLogs.pdf, page 3>
Package pdftex.def Info: Images/MeetingLogs.pdf , page3 used on input line 262.

(pdftex.def)             Requested size: 597.7406pt x 844.45905pt.
 [62

 <./Images/MeetingLogs.pdf>]
<Images/MeetingLogs.pdf, id=1177, page=4, 598.235pt x 845.1575pt>
File: Images/MeetingLogs.pdf Graphic file (type pdf)
<use Images/MeetingLogs.pdf, page 4>
Package pdftex.def Info: Images/MeetingLogs.pdf , page4 used on input line 262.

(pdftex.def)             Requested size: 597.7406pt x 844.45905pt.
File: Images/MeetingLogs.pdf Graphic file (type pdf)
<use Images/MeetingLogs.pdf, page 4>
Package pdftex.def Info: Images/MeetingLogs.pdf , page4 used on input line 262.

(pdftex.def)             Requested size: 597.7406pt x 844.45905pt.
File: Images/MeetingLogs.pdf Graphic file (type pdf)
<use Images/MeetingLogs.pdf, page 4>
Package pdftex.def Info: Images/MeetingLogs.pdf , page4 used on input line 262.

(pdftex.def)             Requested size: 597.7406pt x 844.45905pt.
 [63

 <./Images/MeetingLogs.pdf>]
<Images/MeetingLogs.pdf, id=1182, page=5, 598.235pt x 845.1575pt>
File: Images/MeetingLogs.pdf Graphic file (type pdf)
<use Images/MeetingLogs.pdf, page 5>
Package pdftex.def Info: Images/MeetingLogs.pdf , page5 used on input line 262.

(pdftex.def)             Requested size: 597.7406pt x 844.45905pt.
File: Images/MeetingLogs.pdf Graphic file (type pdf)
<use Images/MeetingLogs.pdf, page 5>
Package pdftex.def Info: Images/MeetingLogs.pdf , page5 used on input line 262.

(pdftex.def)             Requested size: 597.7406pt x 844.45905pt.
File: Images/MeetingLogs.pdf Graphic file (type pdf)
<use Images/MeetingLogs.pdf, page 5>
Package pdftex.def Info: Images/MeetingLogs.pdf , page5 used on input line 262.

(pdftex.def)             Requested size: 597.7406pt x 844.45905pt.
 [64

 <./Images/MeetingLogs.pdf>]
<Images/MeetingLogs.pdf, id=1187, page=6, 598.235pt x 845.1575pt>
File: Images/MeetingLogs.pdf Graphic file (type pdf)
<use Images/MeetingLogs.pdf, page 6>
Package pdftex.def Info: Images/MeetingLogs.pdf , page6 used on input line 262.

(pdftex.def)             Requested size: 597.7406pt x 844.45905pt.
File: Images/MeetingLogs.pdf Graphic file (type pdf)
<use Images/MeetingLogs.pdf, page 6>
Package pdftex.def Info: Images/MeetingLogs.pdf , page6 used on input line 262.

(pdftex.def)             Requested size: 597.7406pt x 844.45905pt.
File: Images/MeetingLogs.pdf Graphic file (type pdf)
<use Images/MeetingLogs.pdf, page 6>
Package pdftex.def Info: Images/MeetingLogs.pdf , page6 used on input line 262.

(pdftex.def)             Requested size: 597.7406pt x 844.45905pt.
 [65

 <./Images/MeetingLogs.pdf>]
<Images/MeetingLogs.pdf, id=1192, page=7, 598.235pt x 845.1575pt>
File: Images/MeetingLogs.pdf Graphic file (type pdf)
<use Images/MeetingLogs.pdf, page 7>
Package pdftex.def Info: Images/MeetingLogs.pdf , page7 used on input line 262.

(pdftex.def)             Requested size: 597.7406pt x 844.45905pt.
File: Images/MeetingLogs.pdf Graphic file (type pdf)
<use Images/MeetingLogs.pdf, page 7>
Package pdftex.def Info: Images/MeetingLogs.pdf , page7 used on input line 262.

(pdftex.def)             Requested size: 597.7406pt x 844.45905pt.
File: Images/MeetingLogs.pdf Graphic file (type pdf)
<use Images/MeetingLogs.pdf, page 7>
Package pdftex.def Info: Images/MeetingLogs.pdf , page7 used on input line 262.

(pdftex.def)             Requested size: 597.7406pt x 844.45905pt.
 [66

 <./Images/MeetingLogs.pdf>]
<Images/MeetingLogs.pdf, id=1208, page=8, 598.235pt x 845.1575pt>
File: Images/MeetingLogs.pdf Graphic file (type pdf)
<use Images/MeetingLogs.pdf, page 8>
Package pdftex.def Info: Images/MeetingLogs.pdf , page8 used on input line 262.

(pdftex.def)             Requested size: 597.7406pt x 844.45905pt.
File: Images/MeetingLogs.pdf Graphic file (type pdf)
<use Images/MeetingLogs.pdf, page 8>
Package pdftex.def Info: Images/MeetingLogs.pdf , page8 used on input line 262.

(pdftex.def)             Requested size: 597.7406pt x 844.45905pt.
File: Images/MeetingLogs.pdf Graphic file (type pdf)
<use Images/MeetingLogs.pdf, page 8>
Package pdftex.def Info: Images/MeetingLogs.pdf , page8 used on input line 262.

(pdftex.def)             Requested size: 597.7406pt x 844.45905pt.
 [67

 <./Images/MeetingLogs.pdf>]
<Images/MeetingLogs.pdf, id=1213, page=9, 598.235pt x 845.1575pt>
File: Images/MeetingLogs.pdf Graphic file (type pdf)
<use Images/MeetingLogs.pdf, page 9>
Package pdftex.def Info: Images/MeetingLogs.pdf , page9 used on input line 262.

(pdftex.def)             Requested size: 597.7406pt x 844.45905pt.
File: Images/MeetingLogs.pdf Graphic file (type pdf)
<use Images/MeetingLogs.pdf, page 9>
Package pdftex.def Info: Images/MeetingLogs.pdf , page9 used on input line 262.

(pdftex.def)             Requested size: 597.7406pt x 844.45905pt.
File: Images/MeetingLogs.pdf Graphic file (type pdf)
<use Images/MeetingLogs.pdf, page 9>
Package pdftex.def Info: Images/MeetingLogs.pdf , page9 used on input line 262.

(pdftex.def)             Requested size: 597.7406pt x 844.45905pt.
 [68

 <./Images/MeetingLogs.pdf>]
<Images/MeetingLogs.pdf, id=1228, page=10, 598.235pt x 845.1575pt>
File: Images/MeetingLogs.pdf Graphic file (type pdf)
<use Images/MeetingLogs.pdf, page 10>
Package pdftex.def Info: Images/MeetingLogs.pdf , page10 used on input line 262
.
(pdftex.def)             Requested size: 597.7406pt x 844.45905pt.
File: Images/MeetingLogs.pdf Graphic file (type pdf)
<use Images/MeetingLogs.pdf, page 10>
Package pdftex.def Info: Images/MeetingLogs.pdf , page10 used on input line 262
.
(pdftex.def)             Requested size: 597.7406pt x 844.45905pt.
File: Images/MeetingLogs.pdf Graphic file (type pdf)
<use Images/MeetingLogs.pdf, page 10>
Package pdftex.def Info: Images/MeetingLogs.pdf , page10 used on input line 262
.
(pdftex.def)             Requested size: 597.7406pt x 844.45905pt.
 [69

 <./Images/MeetingLogs.pdf>]
<Images/MeetingLogs.pdf, id=1234, page=11, 598.235pt x 845.1575pt>
File: Images/MeetingLogs.pdf Graphic file (type pdf)
<use Images/MeetingLogs.pdf, page 11>
Package pdftex.def Info: Images/MeetingLogs.pdf , page11 used on input line 262
.
(pdftex.def)             Requested size: 597.7406pt x 844.45905pt.
File: Images/MeetingLogs.pdf Graphic file (type pdf)
<use Images/MeetingLogs.pdf, page 11>
Package pdftex.def Info: Images/MeetingLogs.pdf , page11 used on input line 262
.
(pdftex.def)             Requested size: 597.7406pt x 844.45905pt.
File: Images/MeetingLogs.pdf Graphic file (type pdf)
<use Images/MeetingLogs.pdf, page 11>
Package pdftex.def Info: Images/MeetingLogs.pdf , page11 used on input line 262
.
(pdftex.def)             Requested size: 597.7406pt x 844.45905pt.
 [70

 <./Images/MeetingLogs.pdf>]
<Images/MeetingLogs.pdf, id=1239, page=12, 598.235pt x 845.1575pt>
File: Images/MeetingLogs.pdf Graphic file (type pdf)
<use Images/MeetingLogs.pdf, page 12>
Package pdftex.def Info: Images/MeetingLogs.pdf , page12 used on input line 262
.
(pdftex.def)             Requested size: 597.7406pt x 844.45905pt.
File: Images/MeetingLogs.pdf Graphic file (type pdf)
<use Images/MeetingLogs.pdf, page 12>
Package pdftex.def Info: Images/MeetingLogs.pdf , page12 used on input line 262
.
(pdftex.def)             Requested size: 597.7406pt x 844.45905pt.
File: Images/MeetingLogs.pdf Graphic file (type pdf)
<use Images/MeetingLogs.pdf, page 12>
Package pdftex.def Info: Images/MeetingLogs.pdf , page12 used on input line 262
.
(pdftex.def)             Requested size: 597.7406pt x 844.45905pt.
 [71

 <./Images/MeetingLogs.pdf>]
<Images/MeetingLogs.pdf, id=1244, page=13, 598.235pt x 845.1575pt>
File: Images/MeetingLogs.pdf Graphic file (type pdf)
<use Images/MeetingLogs.pdf, page 13>
Package pdftex.def Info: Images/MeetingLogs.pdf , page13 used on input line 262
.
(pdftex.def)             Requested size: 597.7406pt x 844.45905pt.
File: Images/MeetingLogs.pdf Graphic file (type pdf)
<use Images/MeetingLogs.pdf, page 13>
Package pdftex.def Info: Images/MeetingLogs.pdf , page13 used on input line 262
.
(pdftex.def)             Requested size: 597.7406pt x 844.45905pt.
File: Images/MeetingLogs.pdf Graphic file (type pdf)
<use Images/MeetingLogs.pdf, page 13>
Package pdftex.def Info: Images/MeetingLogs.pdf , page13 used on input line 262
.
(pdftex.def)             Requested size: 597.7406pt x 844.45905pt.
 [72

 <./Images/MeetingLogs.pdf>]
<Images/MeetingLogs.pdf, id=1250, page=14, 598.235pt x 845.1575pt>
File: Images/MeetingLogs.pdf Graphic file (type pdf)
<use Images/MeetingLogs.pdf, page 14>
Package pdftex.def Info: Images/MeetingLogs.pdf , page14 used on input line 262
.
(pdftex.def)             Requested size: 597.7406pt x 844.45905pt.
File: Images/MeetingLogs.pdf Graphic file (type pdf)
<use Images/MeetingLogs.pdf, page 14>
Package pdftex.def Info: Images/MeetingLogs.pdf , page14 used on input line 262
.
(pdftex.def)             Requested size: 597.7406pt x 844.45905pt.
File: Images/MeetingLogs.pdf Graphic file (type pdf)
<use Images/MeetingLogs.pdf, page 14>
Package pdftex.def Info: Images/MeetingLogs.pdf , page14 used on input line 262
.
(pdftex.def)             Requested size: 597.7406pt x 844.45905pt.
 [73

 <./Images/MeetingLogs.pdf>]
<Images/MeetingLogs.pdf, id=1318, page=15, 598.235pt x 845.1575pt>
File: Images/MeetingLogs.pdf Graphic file (type pdf)
<use Images/MeetingLogs.pdf, page 15>
Package pdftex.def Info: Images/MeetingLogs.pdf , page15 used on input line 262
.
(pdftex.def)             Requested size: 597.7406pt x 844.45905pt.
File: Images/MeetingLogs.pdf Graphic file (type pdf)
<use Images/MeetingLogs.pdf, page 15>
Package pdftex.def Info: Images/MeetingLogs.pdf , page15 used on input line 262
.
(pdftex.def)             Requested size: 597.7406pt x 844.45905pt.
File: Images/MeetingLogs.pdf Graphic file (type pdf)
<use Images/MeetingLogs.pdf, page 15>
Package pdftex.def Info: Images/MeetingLogs.pdf , page15 used on input line 262
.
(pdftex.def)             Requested size: 597.7406pt x 844.45905pt.
 [74

 <./Images/MeetingLogs.pdf>]
<Images/MeetingLogs.pdf, id=1323, page=16, 598.235pt x 845.1575pt>
File: Images/MeetingLogs.pdf Graphic file (type pdf)
<use Images/MeetingLogs.pdf, page 16>
Package pdftex.def Info: Images/MeetingLogs.pdf , page16 used on input line 262
.
(pdftex.def)             Requested size: 597.7406pt x 844.45905pt.
File: Images/MeetingLogs.pdf Graphic file (type pdf)
<use Images/MeetingLogs.pdf, page 16>
Package pdftex.def Info: Images/MeetingLogs.pdf , page16 used on input line 262
.
(pdftex.def)             Requested size: 597.7406pt x 844.45905pt.
File: Images/MeetingLogs.pdf Graphic file (type pdf)
<use Images/MeetingLogs.pdf, page 16>
Package pdftex.def Info: Images/MeetingLogs.pdf , page16 used on input line 262
.
(pdftex.def)             Requested size: 597.7406pt x 844.45905pt.
 [75

 <./Images/MeetingLogs.pdf>]
<Images/MeetingLogs.pdf, id=1328, page=17, 598.235pt x 845.1575pt>
File: Images/MeetingLogs.pdf Graphic file (type pdf)
<use Images/MeetingLogs.pdf, page 17>
Package pdftex.def Info: Images/MeetingLogs.pdf , page17 used on input line 262
.
(pdftex.def)             Requested size: 597.7406pt x 844.45905pt.
File: Images/MeetingLogs.pdf Graphic file (type pdf)
<use Images/MeetingLogs.pdf, page 17>
Package pdftex.def Info: Images/MeetingLogs.pdf , page17 used on input line 262
.
(pdftex.def)             Requested size: 597.7406pt x 844.45905pt.
File: Images/MeetingLogs.pdf Graphic file (type pdf)
<use Images/MeetingLogs.pdf, page 17>
Package pdftex.def Info: Images/MeetingLogs.pdf , page17 used on input line 262
.
(pdftex.def)             Requested size: 597.7406pt x 844.45905pt.
 [76

 <./Images/MeetingLogs.pdf>]
<Images/MeetingLogs.pdf, id=1333, page=18, 598.235pt x 845.1575pt>
File: Images/MeetingLogs.pdf Graphic file (type pdf)
<use Images/MeetingLogs.pdf, page 18>
Package pdftex.def Info: Images/MeetingLogs.pdf , page18 used on input line 262
.
(pdftex.def)             Requested size: 597.7406pt x 844.45905pt.
File: Images/MeetingLogs.pdf Graphic file (type pdf)
<use Images/MeetingLogs.pdf, page 18>
Package pdftex.def Info: Images/MeetingLogs.pdf , page18 used on input line 262
.
(pdftex.def)             Requested size: 597.7406pt x 844.45905pt.
File: Images/MeetingLogs.pdf Graphic file (type pdf)
<use Images/MeetingLogs.pdf, page 18>
Package pdftex.def Info: Images/MeetingLogs.pdf , page18 used on input line 262
.
(pdftex.def)             Requested size: 597.7406pt x 844.45905pt.

[77

 <./Images/MeetingLogs.pdf>]
<Images/MeetingLogs.pdf, id=1338, page=19, 598.235pt x 845.1575pt>
File: Images/MeetingLogs.pdf Graphic file (type pdf)
<use Images/MeetingLogs.pdf, page 19>
Package pdftex.def Info: Images/MeetingLogs.pdf , page19 used on input line 262
.
(pdftex.def)             Requested size: 597.7406pt x 844.45905pt.
File: Images/MeetingLogs.pdf Graphic file (type pdf)
<use Images/MeetingLogs.pdf, page 19>
Package pdftex.def Info: Images/MeetingLogs.pdf , page19 used on input line 262
.
(pdftex.def)             Requested size: 597.7406pt x 844.45905pt.
File: Images/MeetingLogs.pdf Graphic file (type pdf)
<use Images/MeetingLogs.pdf, page 19>
Package pdftex.def Info: Images/MeetingLogs.pdf , page19 used on input line 262
.
(pdftex.def)             Requested size: 597.7406pt x 844.45905pt.
 [78

 <./Images/MeetingLogs.pdf>]
<Images/MeetingLogs.pdf, id=1344, page=20, 598.235pt x 845.1575pt>
File: Images/MeetingLogs.pdf Graphic file (type pdf)
<use Images/MeetingLogs.pdf, page 20>
Package pdftex.def Info: Images/MeetingLogs.pdf , page20 used on input line 262
.
(pdftex.def)             Requested size: 597.7406pt x 844.45905pt.
File: Images/MeetingLogs.pdf Graphic file (type pdf)
<use Images/MeetingLogs.pdf, page 20>
Package pdftex.def Info: Images/MeetingLogs.pdf , page20 used on input line 262
.
(pdftex.def)             Requested size: 597.7406pt x 844.45905pt.
File: Images/MeetingLogs.pdf Graphic file (type pdf)
<use Images/MeetingLogs.pdf, page 20>
Package pdftex.def Info: Images/MeetingLogs.pdf , page20 used on input line 262
.
(pdftex.def)             Requested size: 597.7406pt x 844.45905pt.
 [79

 <./Images/MeetingLogs.pdf>]
<Images/MeetingLogs.pdf, id=1354, page=21, 598.235pt x 845.1575pt>
File: Images/MeetingLogs.pdf Graphic file (type pdf)
<use Images/MeetingLogs.pdf, page 21>
Package pdftex.def Info: Images/MeetingLogs.pdf , page21 used on input line 262
.
(pdftex.def)             Requested size: 597.7406pt x 844.45905pt.
File: Images/MeetingLogs.pdf Graphic file (type pdf)
<use Images/MeetingLogs.pdf, page 21>
Package pdftex.def Info: Images/MeetingLogs.pdf , page21 used on input line 262
.
(pdftex.def)             Requested size: 597.7406pt x 844.45905pt.
File: Images/MeetingLogs.pdf Graphic file (type pdf)
<use Images/MeetingLogs.pdf, page 21>
Package pdftex.def Info: Images/MeetingLogs.pdf , page21 used on input line 262
.
(pdftex.def)             Requested size: 597.7406pt x 844.45905pt.
 [80

 <./Images/MeetingLogs.pdf>]
<Images/MeetingLogs.pdf, id=1359, page=22, 598.235pt x 845.1575pt>
File: Images/MeetingLogs.pdf Graphic file (type pdf)
<use Images/MeetingLogs.pdf, page 22>
Package pdftex.def Info: Images/MeetingLogs.pdf , page22 used on input line 262
.
(pdftex.def)             Requested size: 597.7406pt x 844.45905pt.
File: Images/MeetingLogs.pdf Graphic file (type pdf)
<use Images/MeetingLogs.pdf, page 22>
Package pdftex.def Info: Images/MeetingLogs.pdf , page22 used on input line 262
.
(pdftex.def)             Requested size: 597.7406pt x 844.45905pt.
File: Images/MeetingLogs.pdf Graphic file (type pdf)
<use Images/MeetingLogs.pdf, page 22>
Package pdftex.def Info: Images/MeetingLogs.pdf , page22 used on input line 262
.
(pdftex.def)             Requested size: 597.7406pt x 844.45905pt.
 [81

 <./Images/MeetingLogs.pdf>]
<Images/MeetingLogs.pdf, id=1364, page=23, 598.235pt x 845.1575pt>
File: Images/MeetingLogs.pdf Graphic file (type pdf)
<use Images/MeetingLogs.pdf, page 23>
Package pdftex.def Info: Images/MeetingLogs.pdf , page23 used on input line 262
.
(pdftex.def)             Requested size: 597.7406pt x 844.45905pt.
File: Images/MeetingLogs.pdf Graphic file (type pdf)
<use Images/MeetingLogs.pdf, page 23>
Package pdftex.def Info: Images/MeetingLogs.pdf , page23 used on input line 262
.
(pdftex.def)             Requested size: 597.7406pt x 844.45905pt.
File: Images/MeetingLogs.pdf Graphic file (type pdf)
<use Images/MeetingLogs.pdf, page 23>
Package pdftex.def Info: Images/MeetingLogs.pdf , page23 used on input line 262
.
(pdftex.def)             Requested size: 597.7406pt x 844.45905pt.
 [82

 <./Images/MeetingLogs.pdf>]
<Images/MeetingLogs.pdf, id=1369, page=24, 598.235pt x 845.1575pt>
File: Images/MeetingLogs.pdf Graphic file (type pdf)
<use Images/MeetingLogs.pdf, page 24>
Package pdftex.def Info: Images/MeetingLogs.pdf , page24 used on input line 262
.
(pdftex.def)             Requested size: 597.7406pt x 844.45905pt.
File: Images/MeetingLogs.pdf Graphic file (type pdf)
<use Images/MeetingLogs.pdf, page 24>
Package pdftex.def Info: Images/MeetingLogs.pdf , page24 used on input line 262
.
(pdftex.def)             Requested size: 597.7406pt x 844.45905pt.
File: Images/MeetingLogs.pdf Graphic file (type pdf)
<use Images/MeetingLogs.pdf, page 24>
Package pdftex.def Info: Images/MeetingLogs.pdf , page24 used on input line 262
.
(pdftex.def)             Requested size: 597.7406pt x 844.45905pt.
 [83

 <./Images/MeetingLogs.pdf>]
<Images/MeetingLogs.pdf, id=1374, page=25, 598.235pt x 845.1575pt>
File: Images/MeetingLogs.pdf Graphic file (type pdf)
<use Images/MeetingLogs.pdf, page 25>
Package pdftex.def Info: Images/MeetingLogs.pdf , page25 used on input line 262
.
(pdftex.def)             Requested size: 597.7406pt x 844.45905pt.
File: Images/MeetingLogs.pdf Graphic file (type pdf)
<use Images/MeetingLogs.pdf, page 25>
Package pdftex.def Info: Images/MeetingLogs.pdf , page25 used on input line 262
.
(pdftex.def)             Requested size: 597.7406pt x 844.45905pt.
File: Images/MeetingLogs.pdf Graphic file (type pdf)
<use Images/MeetingLogs.pdf, page 25>
Package pdftex.def Info: Images/MeetingLogs.pdf , page25 used on input line 262
.
(pdftex.def)             Requested size: 597.7406pt x 844.45905pt.
 [84

 <./Images/MeetingLogs.pdf>]
<Images/MeetingLogs.pdf, id=1380, page=26, 598.235pt x 845.1575pt>
File: Images/MeetingLogs.pdf Graphic file (type pdf)
<use Images/MeetingLogs.pdf, page 26>
Package pdftex.def Info: Images/MeetingLogs.pdf , page26 used on input line 262
.
(pdftex.def)             Requested size: 597.7406pt x 844.45905pt.
File: Images/MeetingLogs.pdf Graphic file (type pdf)
<use Images/MeetingLogs.pdf, page 26>
Package pdftex.def Info: Images/MeetingLogs.pdf , page26 used on input line 262
.
(pdftex.def)             Requested size: 597.7406pt x 844.45905pt.
File: Images/MeetingLogs.pdf Graphic file (type pdf)
<use Images/MeetingLogs.pdf, page 26>
Package pdftex.def Info: Images/MeetingLogs.pdf , page26 used on input line 262
.
(pdftex.def)             Requested size: 597.7406pt x 844.45905pt.
 [85

 <./Images/MeetingLogs.pdf>]
<Images/MeetingLogs.pdf, id=1385, page=27, 598.235pt x 845.1575pt>
File: Images/MeetingLogs.pdf Graphic file (type pdf)
<use Images/MeetingLogs.pdf, page 27>
Package pdftex.def Info: Images/MeetingLogs.pdf , page27 used on input line 262
.
(pdftex.def)             Requested size: 597.7406pt x 844.45905pt.
File: Images/MeetingLogs.pdf Graphic file (type pdf)
<use Images/MeetingLogs.pdf, page 27>
Package pdftex.def Info: Images/MeetingLogs.pdf , page27 used on input line 262
.
(pdftex.def)             Requested size: 597.7406pt x 844.45905pt.
File: Images/MeetingLogs.pdf Graphic file (type pdf)
<use Images/MeetingLogs.pdf, page 27>
Package pdftex.def Info: Images/MeetingLogs.pdf , page27 used on input line 262
.
(pdftex.def)             Requested size: 597.7406pt x 844.45905pt.
 [86

 <./Images/MeetingLogs.pdf>]

Package fancyhdr Warning: \headheight is too small (14.0pt): 
(fancyhdr)                Make it at least 15.0pt, for example:
(fancyhdr)                \setlength{\headheight}{15.0pt}.
(fancyhdr)                You might also make \topmargin smaller to compensate:

(fancyhdr)                \addtolength{\topmargin}{-1.0pt}.

[87 <./Images/GenToOpAd.png> <./Images/SourceDataManager.png>]

Package fancyhdr Warning: \headheight is too small (14.0pt): 
(fancyhdr)                Make it at least 15.0pt, for example:
(fancyhdr)                \setlength{\headheight}{15.0pt}.
(fancyhdr)                You might also make \topmargin smaller to compensate:

(fancyhdr)                \addtolength{\topmargin}{-1.0pt}.

[88 <./Images/OP_CalculateHeatPerPrice-methode.png> <./Images/OP_Sorting-method
e.png>]

Package fancyhdr Warning: \headheight is too small (14.0pt): 
(fancyhdr)                Make it at least 15.0pt, for example:
(fancyhdr)                \setlength{\headheight}{15.0pt}.
(fancyhdr)                You might also make \topmargin smaller to compensate:

(fancyhdr)                \addtolength{\topmargin}{-1.0pt}.

[89 <./Images/OP_Optimize-methode1.png> <./Images/OP_Optimize-methode2.png>]
<Images/PI1.pdf, id=1413, 598.235pt x 845.1575pt>
File: Images/PI1.pdf Graphic file (type pdf)
<use Images/PI1.pdf>
Package pdftex.def Info: Images/PI1.pdf  used on input line 266.
(pdftex.def)             Requested size: 598.23354pt x 845.15544pt.
File: Images/PI1.pdf Graphic file (type pdf)
<use Images/PI1.pdf>
Package pdftex.def Info: Images/PI1.pdf  used on input line 266.
(pdftex.def)             Requested size: 598.23354pt x 845.15544pt.
<Images/PI1.pdf, id=1416, page=1, 598.235pt x 845.1575pt>
File: Images/PI1.pdf Graphic file (type pdf)
<use Images/PI1.pdf, page 1>
Package pdftex.def Info: Images/PI1.pdf , page1 used on input line 266.
(pdftex.def)             Requested size: 598.23354pt x 845.15544pt.
File: Images/PI1.pdf Graphic file (type pdf)
<use Images/PI1.pdf, page 1>
Package pdftex.def Info: Images/PI1.pdf , page1 used on input line 266.
(pdftex.def)             Requested size: 597.7406pt x 844.45905pt.


Package fancyhdr Warning: \headheight is too small (14.0pt): 
(fancyhdr)                Make it at least 15.0pt, for example:
(fancyhdr)                \setlength{\headheight}{15.0pt}.
(fancyhdr)                You might also make \topmargin smaller to compensate:

(fancyhdr)                \addtolength{\topmargin}{-1.0pt}.

[90]
File: Images/PI1.pdf Graphic file (type pdf)
<use Images/PI1.pdf, page 1>
Package pdftex.def Info: Images/PI1.pdf , page1 used on input line 266.
(pdftex.def)             Requested size: 597.7406pt x 844.45905pt.
File: Images/PI1.pdf Graphic file (type pdf)
<use Images/PI1.pdf, page 1>
Package pdftex.def Info: Images/PI1.pdf , page1 used on input line 266.
(pdftex.def)             Requested size: 597.7406pt x 844.45905pt.
File: Images/PI1.pdf Graphic file (type pdf)
<use Images/PI1.pdf, page 1>
Package pdftex.def Info: Images/PI1.pdf , page1 used on input line 266.
(pdftex.def)             Requested size: 597.7406pt x 844.45905pt.
 [91

 <./Images/PI1.pdf>]
<Images/PI1.pdf, id=1444, page=2, 598.235pt x 845.1575pt>
File: Images/PI1.pdf Graphic file (type pdf)
<use Images/PI1.pdf, page 2>
Package pdftex.def Info: Images/PI1.pdf , page2 used on input line 266.
(pdftex.def)             Requested size: 597.7406pt x 844.45905pt.
File: Images/PI1.pdf Graphic file (type pdf)
<use Images/PI1.pdf, page 2>
Package pdftex.def Info: Images/PI1.pdf , page2 used on input line 266.
(pdftex.def)             Requested size: 597.7406pt x 844.45905pt.
File: Images/PI1.pdf Graphic file (type pdf)
<use Images/PI1.pdf, page 2>
Package pdftex.def Info: Images/PI1.pdf , page2 used on input line 266.
(pdftex.def)             Requested size: 597.7406pt x 844.45905pt.
 [92

 <./Images/PI1.pdf>]
<Images/PI1.pdf, id=1454, page=3, 598.235pt x 845.1575pt>
File: Images/PI1.pdf Graphic file (type pdf)
<use Images/PI1.pdf, page 3>
Package pdftex.def Info: Images/PI1.pdf , page3 used on input line 266.
(pdftex.def)             Requested size: 597.7406pt x 844.45905pt.
File: Images/PI1.pdf Graphic file (type pdf)
<use Images/PI1.pdf, page 3>
Package pdftex.def Info: Images/PI1.pdf , page3 used on input line 266.
(pdftex.def)             Requested size: 597.7406pt x 844.45905pt.
File: Images/PI1.pdf Graphic file (type pdf)
<use Images/PI1.pdf, page 3>
Package pdftex.def Info: Images/PI1.pdf , page3 used on input line 266.
(pdftex.def)             Requested size: 597.7406pt x 844.45905pt.
 [93

 <./Images/PI1.pdf>]
<Images/PI1.pdf, id=1460, page=4, 598.235pt x 845.1575pt>
File: Images/PI1.pdf Graphic file (type pdf)
<use Images/PI1.pdf, page 4>
Package pdftex.def Info: Images/PI1.pdf , page4 used on input line 266.
(pdftex.def)             Requested size: 597.7406pt x 844.45905pt.
File: Images/PI1.pdf Graphic file (type pdf)
<use Images/PI1.pdf, page 4>
Package pdftex.def Info: Images/PI1.pdf , page4 used on input line 266.
(pdftex.def)             Requested size: 597.7406pt x 844.45905pt.
File: Images/PI1.pdf Graphic file (type pdf)
<use Images/PI1.pdf, page 4>
Package pdftex.def Info: Images/PI1.pdf , page4 used on input line 266.
(pdftex.def)             Requested size: 597.7406pt x 844.45905pt.

[94

 <./Images/PI1.pdf>]
<Images/PI1.pdf, id=1466, page=5, 598.235pt x 845.1575pt>
File: Images/PI1.pdf Graphic file (type pdf)
<use Images/PI1.pdf, page 5>
Package pdftex.def Info: Images/PI1.pdf , page5 used on input line 266.
(pdftex.def)             Requested size: 597.7406pt x 844.45905pt.
File: Images/PI1.pdf Graphic file (type pdf)
<use Images/PI1.pdf, page 5>
Package pdftex.def Info: Images/PI1.pdf , page5 used on input line 266.
(pdftex.def)             Requested size: 597.7406pt x 844.45905pt.
File: Images/PI1.pdf Graphic file (type pdf)
<use Images/PI1.pdf, page 5>
Package pdftex.def Info: Images/PI1.pdf , page5 used on input line 266.
(pdftex.def)             Requested size: 597.7406pt x 844.45905pt.
 [95

 <./Images/PI1.pdf>]
<Images/PI1.pdf, id=1471, page=6, 598.235pt x 845.1575pt>
File: Images/PI1.pdf Graphic file (type pdf)
<use Images/PI1.pdf, page 6>
Package pdftex.def Info: Images/PI1.pdf , page6 used on input line 266.
(pdftex.def)             Requested size: 597.7406pt x 844.45905pt.
File: Images/PI1.pdf Graphic file (type pdf)
<use Images/PI1.pdf, page 6>
Package pdftex.def Info: Images/PI1.pdf , page6 used on input line 266.
(pdftex.def)             Requested size: 597.7406pt x 844.45905pt.
File: Images/PI1.pdf Graphic file (type pdf)
<use Images/PI1.pdf, page 6>
Package pdftex.def Info: Images/PI1.pdf , page6 used on input line 266.
(pdftex.def)             Requested size: 597.7406pt x 844.45905pt.
 [96

 <./Images/PI1.pdf>]
<Images/PI2.pdf, id=1478, 598.235pt x 845.1575pt>
File: Images/PI2.pdf Graphic file (type pdf)
<use Images/PI2.pdf>
Package pdftex.def Info: Images/PI2.pdf  used on input line 268.
(pdftex.def)             Requested size: 598.23354pt x 845.15544pt.
File: Images/PI2.pdf Graphic file (type pdf)
<use Images/PI2.pdf>
Package pdftex.def Info: Images/PI2.pdf  used on input line 268.
(pdftex.def)             Requested size: 598.23354pt x 845.15544pt.
<Images/PI2.pdf, id=1481, page=1, 598.235pt x 845.1575pt>
File: Images/PI2.pdf Graphic file (type pdf)
<use Images/PI2.pdf, page 1>
Package pdftex.def Info: Images/PI2.pdf , page1 used on input line 268.
(pdftex.def)             Requested size: 598.23354pt x 845.15544pt.
File: Images/PI2.pdf Graphic file (type pdf)
<use Images/PI2.pdf, page 1>
Package pdftex.def Info: Images/PI2.pdf , page1 used on input line 268.
(pdftex.def)             Requested size: 597.7406pt x 844.45905pt.
File: Images/PI2.pdf Graphic file (type pdf)
<use Images/PI2.pdf, page 1>
Package pdftex.def Info: Images/PI2.pdf , page1 used on input line 268.
(pdftex.def)             Requested size: 597.7406pt x 844.45905pt.
File: Images/PI2.pdf Graphic file (type pdf)
<use Images/PI2.pdf, page 1>
Package pdftex.def Info: Images/PI2.pdf , page1 used on input line 268.
(pdftex.def)             Requested size: 597.7406pt x 844.45905pt.
File: Images/PI2.pdf Graphic file (type pdf)
<use Images/PI2.pdf, page 1>
Package pdftex.def Info: Images/PI2.pdf , page1 used on input line 268.
(pdftex.def)             Requested size: 597.7406pt x 844.45905pt.

[97

 <./Images/PI2.pdf>]
<Images/PI2.pdf, id=1513, page=2, 598.235pt x 845.1575pt>
File: Images/PI2.pdf Graphic file (type pdf)
<use Images/PI2.pdf, page 2>
Package pdftex.def Info: Images/PI2.pdf , page2 used on input line 268.
(pdftex.def)             Requested size: 597.7406pt x 844.45905pt.
File: Images/PI2.pdf Graphic file (type pdf)
<use Images/PI2.pdf, page 2>
Package pdftex.def Info: Images/PI2.pdf , page2 used on input line 268.
(pdftex.def)             Requested size: 597.7406pt x 844.45905pt.
File: Images/PI2.pdf Graphic file (type pdf)
<use Images/PI2.pdf, page 2>
Package pdftex.def Info: Images/PI2.pdf , page2 used on input line 268.
(pdftex.def)             Requested size: 597.7406pt x 844.45905pt.
 [98

 <./Images/PI2.pdf>]
<Images/PI2.pdf, id=1522, page=3, 598.235pt x 845.1575pt>
File: Images/PI2.pdf Graphic file (type pdf)
<use Images/PI2.pdf, page 3>
Package pdftex.def Info: Images/PI2.pdf , page3 used on input line 268.
(pdftex.def)             Requested size: 597.7406pt x 844.45905pt.
File: Images/PI2.pdf Graphic file (type pdf)
<use Images/PI2.pdf, page 3>
Package pdftex.def Info: Images/PI2.pdf , page3 used on input line 268.
(pdftex.def)             Requested size: 597.7406pt x 844.45905pt.
File: Images/PI2.pdf Graphic file (type pdf)
<use Images/PI2.pdf, page 3>
Package pdftex.def Info: Images/PI2.pdf , page3 used on input line 268.
(pdftex.def)             Requested size: 597.7406pt x 844.45905pt.
 [99

 <./Images/PI2.pdf>]
<Images/PI2.pdf, id=1529, page=4, 598.235pt x 845.1575pt>
File: Images/PI2.pdf Graphic file (type pdf)
<use Images/PI2.pdf, page 4>
Package pdftex.def Info: Images/PI2.pdf , page4 used on input line 268.
(pdftex.def)             Requested size: 597.7406pt x 844.45905pt.
File: Images/PI2.pdf Graphic file (type pdf)
<use Images/PI2.pdf, page 4>
Package pdftex.def Info: Images/PI2.pdf , page4 used on input line 268.
(pdftex.def)             Requested size: 597.7406pt x 844.45905pt.
File: Images/PI2.pdf Graphic file (type pdf)
<use Images/PI2.pdf, page 4>
Package pdftex.def Info: Images/PI2.pdf , page4 used on input line 268.
(pdftex.def)             Requested size: 597.7406pt x 844.45905pt.

[100

 <./Images/PI2.pdf>]
<Images/PI2.pdf, id=1534, page=5, 598.235pt x 845.1575pt>
File: Images/PI2.pdf Graphic file (type pdf)
<use Images/PI2.pdf, page 5>
Package pdftex.def Info: Images/PI2.pdf , page5 used on input line 268.
(pdftex.def)             Requested size: 597.7406pt x 844.45905pt.
File: Images/PI2.pdf Graphic file (type pdf)
<use Images/PI2.pdf, page 5>
Package pdftex.def Info: Images/PI2.pdf , page5 used on input line 268.
(pdftex.def)             Requested size: 597.7406pt x 844.45905pt.
File: Images/PI2.pdf Graphic file (type pdf)
<use Images/PI2.pdf, page 5>
Package pdftex.def Info: Images/PI2.pdf , page5 used on input line 268.
(pdftex.def)             Requested size: 597.7406pt x 844.45905pt.
 [101

 <./Images/PI2.pdf>]
<Images/PI2.pdf, id=1542, page=6, 598.235pt x 845.1575pt>
File: Images/PI2.pdf Graphic file (type pdf)
<use Images/PI2.pdf, page 6>
Package pdftex.def Info: Images/PI2.pdf , page6 used on input line 268.
(pdftex.def)             Requested size: 597.7406pt x 844.45905pt.
File: Images/PI2.pdf Graphic file (type pdf)
<use Images/PI2.pdf, page 6>
Package pdftex.def Info: Images/PI2.pdf , page6 used on input line 268.
(pdftex.def)             Requested size: 597.7406pt x 844.45905pt.
File: Images/PI2.pdf Graphic file (type pdf)
<use Images/PI2.pdf, page 6>
Package pdftex.def Info: Images/PI2.pdf , page6 used on input line 268.
(pdftex.def)             Requested size: 597.7406pt x 844.45905pt.
 [102

 <./Images/PI2.pdf>]
<Images/PI2.pdf, id=1549, page=7, 598.235pt x 845.1575pt>
File: Images/PI2.pdf Graphic file (type pdf)
<use Images/PI2.pdf, page 7>
Package pdftex.def Info: Images/PI2.pdf , page7 used on input line 268.
(pdftex.def)             Requested size: 597.7406pt x 844.45905pt.
File: Images/PI2.pdf Graphic file (type pdf)
<use Images/PI2.pdf, page 7>
Package pdftex.def Info: Images/PI2.pdf , page7 used on input line 268.
(pdftex.def)             Requested size: 597.7406pt x 844.45905pt.
File: Images/PI2.pdf Graphic file (type pdf)
<use Images/PI2.pdf, page 7>
Package pdftex.def Info: Images/PI2.pdf , page7 used on input line 268.
(pdftex.def)             Requested size: 597.7406pt x 844.45905pt.

[103

 <./Images/PI2.pdf>]
<Images/PI2.pdf, id=1555, page=8, 598.235pt x 845.1575pt>
File: Images/PI2.pdf Graphic file (type pdf)
<use Images/PI2.pdf, page 8>
Package pdftex.def Info: Images/PI2.pdf , page8 used on input line 268.
(pdftex.def)             Requested size: 597.7406pt x 844.45905pt.
File: Images/PI2.pdf Graphic file (type pdf)
<use Images/PI2.pdf, page 8>
Package pdftex.def Info: Images/PI2.pdf , page8 used on input line 268.
(pdftex.def)             Requested size: 597.7406pt x 844.45905pt.
File: Images/PI2.pdf Graphic file (type pdf)
<use Images/PI2.pdf, page 8>
Package pdftex.def Info: Images/PI2.pdf , page8 used on input line 268.
(pdftex.def)             Requested size: 597.7406pt x 844.45905pt.
 [104

 <./Images/PI2.pdf>]
<Images/PI3.pdf, id=1561, 598.235pt x 845.1575pt>
File: Images/PI3.pdf Graphic file (type pdf)
<use Images/PI3.pdf>
Package pdftex.def Info: Images/PI3.pdf  used on input line 270.
(pdftex.def)             Requested size: 598.23354pt x 845.15544pt.
File: Images/PI3.pdf Graphic file (type pdf)
<use Images/PI3.pdf>
Package pdftex.def Info: Images/PI3.pdf  used on input line 270.
(pdftex.def)             Requested size: 598.23354pt x 845.15544pt.
<Images/PI3.pdf, id=1564, page=1, 598.235pt x 845.1575pt>
File: Images/PI3.pdf Graphic file (type pdf)
<use Images/PI3.pdf, page 1>
Package pdftex.def Info: Images/PI3.pdf , page1 used on input line 270.
(pdftex.def)             Requested size: 598.23354pt x 845.15544pt.
File: Images/PI3.pdf Graphic file (type pdf)
<use Images/PI3.pdf, page 1>
Package pdftex.def Info: Images/PI3.pdf , page1 used on input line 270.
(pdftex.def)             Requested size: 597.7406pt x 844.45905pt.
File: Images/PI3.pdf Graphic file (type pdf)
<use Images/PI3.pdf, page 1>
Package pdftex.def Info: Images/PI3.pdf , page1 used on input line 270.
(pdftex.def)             Requested size: 597.7406pt x 844.45905pt.
File: Images/PI3.pdf Graphic file (type pdf)
<use Images/PI3.pdf, page 1>
Package pdftex.def Info: Images/PI3.pdf , page1 used on input line 270.
(pdftex.def)             Requested size: 597.7406pt x 844.45905pt.
File: Images/PI3.pdf Graphic file (type pdf)
<use Images/PI3.pdf, page 1>
Package pdftex.def Info: Images/PI3.pdf , page1 used on input line 270.
(pdftex.def)             Requested size: 597.7406pt x 844.45905pt.
 [105

 <./Images/PI3.pdf>]
<Images/PI3.pdf, id=1596, page=2, 598.235pt x 845.1575pt>
File: Images/PI3.pdf Graphic file (type pdf)
<use Images/PI3.pdf, page 2>
Package pdftex.def Info: Images/PI3.pdf , page2 used on input line 270.
(pdftex.def)             Requested size: 597.7406pt x 844.45905pt.
File: Images/PI3.pdf Graphic file (type pdf)
<use Images/PI3.pdf, page 2>
Package pdftex.def Info: Images/PI3.pdf , page2 used on input line 270.
(pdftex.def)             Requested size: 597.7406pt x 844.45905pt.
File: Images/PI3.pdf Graphic file (type pdf)
<use Images/PI3.pdf, page 2>
Package pdftex.def Info: Images/PI3.pdf , page2 used on input line 270.
(pdftex.def)             Requested size: 597.7406pt x 844.45905pt.

[106

 <./Images/PI3.pdf>]
<Images/PI3.pdf, id=1602, page=3, 598.235pt x 845.1575pt>
File: Images/PI3.pdf Graphic file (type pdf)
<use Images/PI3.pdf, page 3>
Package pdftex.def Info: Images/PI3.pdf , page3 used on input line 270.
(pdftex.def)             Requested size: 597.7406pt x 844.45905pt.
File: Images/PI3.pdf Graphic file (type pdf)
<use Images/PI3.pdf, page 3>
Package pdftex.def Info: Images/PI3.pdf , page3 used on input line 270.
(pdftex.def)             Requested size: 597.7406pt x 844.45905pt.
File: Images/PI3.pdf Graphic file (type pdf)
<use Images/PI3.pdf, page 3>
Package pdftex.def Info: Images/PI3.pdf , page3 used on input line 270.
(pdftex.def)             Requested size: 597.7406pt x 844.45905pt.
 [107

 <./Images/PI3.pdf>]
<Images/PI3.pdf, id=1613, page=4, 598.235pt x 845.1575pt>
File: Images/PI3.pdf Graphic file (type pdf)
<use Images/PI3.pdf, page 4>
Package pdftex.def Info: Images/PI3.pdf , page4 used on input line 270.
(pdftex.def)             Requested size: 597.7406pt x 844.45905pt.
File: Images/PI3.pdf Graphic file (type pdf)
<use Images/PI3.pdf, page 4>
Package pdftex.def Info: Images/PI3.pdf , page4 used on input line 270.
(pdftex.def)             Requested size: 597.7406pt x 844.45905pt.
File: Images/PI3.pdf Graphic file (type pdf)
<use Images/PI3.pdf, page 4>
Package pdftex.def Info: Images/PI3.pdf , page4 used on input line 270.
(pdftex.def)             Requested size: 597.7406pt x 844.45905pt.
 [108

 <./Images/PI3.pdf>]
<Images/PI3.pdf, id=1622, page=5, 598.235pt x 845.1575pt>
File: Images/PI3.pdf Graphic file (type pdf)
<use Images/PI3.pdf, page 5>
Package pdftex.def Info: Images/PI3.pdf , page5 used on input line 270.
(pdftex.def)             Requested size: 597.7406pt x 844.45905pt.
File: Images/PI3.pdf Graphic file (type pdf)
<use Images/PI3.pdf, page 5>
Package pdftex.def Info: Images/PI3.pdf , page5 used on input line 270.
(pdftex.def)             Requested size: 597.7406pt x 844.45905pt.
File: Images/PI3.pdf Graphic file (type pdf)
<use Images/PI3.pdf, page 5>
Package pdftex.def Info: Images/PI3.pdf , page5 used on input line 270.
(pdftex.def)             Requested size: 597.7406pt x 844.45905pt.

[109

 <./Images/PI3.pdf>]
<Images/PI3.pdf, id=1628, page=6, 598.235pt x 845.1575pt>
File: Images/PI3.pdf Graphic file (type pdf)
<use Images/PI3.pdf, page 6>
Package pdftex.def Info: Images/PI3.pdf , page6 used on input line 270.
(pdftex.def)             Requested size: 597.7406pt x 844.45905pt.
File: Images/PI3.pdf Graphic file (type pdf)
<use Images/PI3.pdf, page 6>
Package pdftex.def Info: Images/PI3.pdf , page6 used on input line 270.
(pdftex.def)             Requested size: 597.7406pt x 844.45905pt.
File: Images/PI3.pdf Graphic file (type pdf)
<use Images/PI3.pdf, page 6>
Package pdftex.def Info: Images/PI3.pdf , page6 used on input line 270.
(pdftex.def)             Requested size: 597.7406pt x 844.45905pt.
 [110

 <./Images/PI3.pdf>]
<Images/PI3.pdf, id=1638, page=7, 598.235pt x 845.1575pt>
File: Images/PI3.pdf Graphic file (type pdf)
<use Images/PI3.pdf, page 7>
Package pdftex.def Info: Images/PI3.pdf , page7 used on input line 270.
(pdftex.def)             Requested size: 597.7406pt x 844.45905pt.
File: Images/PI3.pdf Graphic file (type pdf)
<use Images/PI3.pdf, page 7>
Package pdftex.def Info: Images/PI3.pdf , page7 used on input line 270.
(pdftex.def)             Requested size: 597.7406pt x 844.45905pt.
File: Images/PI3.pdf Graphic file (type pdf)
<use Images/PI3.pdf, page 7>
Package pdftex.def Info: Images/PI3.pdf , page7 used on input line 270.
(pdftex.def)             Requested size: 597.7406pt x 844.45905pt.
 [111

 <./Images/PI3.pdf>]
<Images/PI3.pdf, id=1644, page=8, 598.235pt x 845.1575pt>
File: Images/PI3.pdf Graphic file (type pdf)
<use Images/PI3.pdf, page 8>
Package pdftex.def Info: Images/PI3.pdf , page8 used on input line 270.
(pdftex.def)             Requested size: 597.7406pt x 844.45905pt.
File: Images/PI3.pdf Graphic file (type pdf)
<use Images/PI3.pdf, page 8>
Package pdftex.def Info: Images/PI3.pdf , page8 used on input line 270.
(pdftex.def)             Requested size: 597.7406pt x 844.45905pt.
File: Images/PI3.pdf Graphic file (type pdf)
<use Images/PI3.pdf, page 8>
Package pdftex.def Info: Images/PI3.pdf , page8 used on input line 270.
(pdftex.def)             Requested size: 597.7406pt x 844.45905pt.

[112

 <./Images/PI3.pdf>]
<Images/PI4.pdf, id=1652, 598.235pt x 845.1575pt>
File: Images/PI4.pdf Graphic file (type pdf)
<use Images/PI4.pdf>
Package pdftex.def Info: Images/PI4.pdf  used on input line 272.
(pdftex.def)             Requested size: 598.23354pt x 845.15544pt.
File: Images/PI4.pdf Graphic file (type pdf)
<use Images/PI4.pdf>
Package pdftex.def Info: Images/PI4.pdf  used on input line 272.
(pdftex.def)             Requested size: 598.23354pt x 845.15544pt.
<Images/PI4.pdf, id=1655, page=1, 598.235pt x 845.1575pt>
File: Images/PI4.pdf Graphic file (type pdf)
<use Images/PI4.pdf, page 1>
Package pdftex.def Info: Images/PI4.pdf , page1 used on input line 272.
(pdftex.def)             Requested size: 598.23354pt x 845.15544pt.
File: Images/PI4.pdf Graphic file (type pdf)
<use Images/PI4.pdf, page 1>
Package pdftex.def Info: Images/PI4.pdf , page1 used on input line 272.
(pdftex.def)             Requested size: 597.7406pt x 844.45905pt.
File: Images/PI4.pdf Graphic file (type pdf)
<use Images/PI4.pdf, page 1>
Package pdftex.def Info: Images/PI4.pdf , page1 used on input line 272.
(pdftex.def)             Requested size: 597.7406pt x 844.45905pt.
File: Images/PI4.pdf Graphic file (type pdf)
<use Images/PI4.pdf, page 1>
Package pdftex.def Info: Images/PI4.pdf , page1 used on input line 272.
(pdftex.def)             Requested size: 597.7406pt x 844.45905pt.
File: Images/PI4.pdf Graphic file (type pdf)
<use Images/PI4.pdf, page 1>
Package pdftex.def Info: Images/PI4.pdf , page1 used on input line 272.
(pdftex.def)             Requested size: 597.7406pt x 844.45905pt.
 [113

 <./Images/PI4.pdf>]
<Images/PI4.pdf, id=1688, page=2, 598.235pt x 845.1575pt>
File: Images/PI4.pdf Graphic file (type pdf)
<use Images/PI4.pdf, page 2>
Package pdftex.def Info: Images/PI4.pdf , page2 used on input line 272.
(pdftex.def)             Requested size: 597.7406pt x 844.45905pt.
File: Images/PI4.pdf Graphic file (type pdf)
<use Images/PI4.pdf, page 2>
Package pdftex.def Info: Images/PI4.pdf , page2 used on input line 272.
(pdftex.def)             Requested size: 597.7406pt x 844.45905pt.
File: Images/PI4.pdf Graphic file (type pdf)
<use Images/PI4.pdf, page 2>
Package pdftex.def Info: Images/PI4.pdf , page2 used on input line 272.
(pdftex.def)             Requested size: 597.7406pt x 844.45905pt.
 [114

 <./Images/PI4.pdf>]
<Images/PI4.pdf, id=1697, page=3, 598.235pt x 845.1575pt>
File: Images/PI4.pdf Graphic file (type pdf)
<use Images/PI4.pdf, page 3>
Package pdftex.def Info: Images/PI4.pdf , page3 used on input line 272.
(pdftex.def)             Requested size: 597.7406pt x 844.45905pt.
File: Images/PI4.pdf Graphic file (type pdf)
<use Images/PI4.pdf, page 3>
Package pdftex.def Info: Images/PI4.pdf , page3 used on input line 272.
(pdftex.def)             Requested size: 597.7406pt x 844.45905pt.
File: Images/PI4.pdf Graphic file (type pdf)
<use Images/PI4.pdf, page 3>
Package pdftex.def Info: Images/PI4.pdf , page3 used on input line 272.
(pdftex.def)             Requested size: 597.7406pt x 844.45905pt.

[115

 <./Images/PI4.pdf>]
<Images/PI4.pdf, id=1704, page=4, 598.235pt x 845.1575pt>
File: Images/PI4.pdf Graphic file (type pdf)
<use Images/PI4.pdf, page 4>
Package pdftex.def Info: Images/PI4.pdf , page4 used on input line 272.
(pdftex.def)             Requested size: 597.7406pt x 844.45905pt.
File: Images/PI4.pdf Graphic file (type pdf)
<use Images/PI4.pdf, page 4>
Package pdftex.def Info: Images/PI4.pdf , page4 used on input line 272.
(pdftex.def)             Requested size: 597.7406pt x 844.45905pt.
File: Images/PI4.pdf Graphic file (type pdf)
<use Images/PI4.pdf, page 4>
Package pdftex.def Info: Images/PI4.pdf , page4 used on input line 272.
(pdftex.def)             Requested size: 597.7406pt x 844.45905pt.
 [116

 <./Images/PI4.pdf>]
<Images/PI4.pdf, id=1710, page=5, 598.235pt x 845.1575pt>
File: Images/PI4.pdf Graphic file (type pdf)
<use Images/PI4.pdf, page 5>
Package pdftex.def Info: Images/PI4.pdf , page5 used on input line 272.
(pdftex.def)             Requested size: 597.7406pt x 844.45905pt.
File: Images/PI4.pdf Graphic file (type pdf)
<use Images/PI4.pdf, page 5>
Package pdftex.def Info: Images/PI4.pdf , page5 used on input line 272.
(pdftex.def)             Requested size: 597.7406pt x 844.45905pt.
File: Images/PI4.pdf Graphic file (type pdf)
<use Images/PI4.pdf, page 5>
Package pdftex.def Info: Images/PI4.pdf , page5 used on input line 272.
(pdftex.def)             Requested size: 597.7406pt x 844.45905pt.
 [117

 <./Images/PI4.pdf>]
<Images/PI4.pdf, id=1717, page=6, 598.235pt x 845.1575pt>
File: Images/PI4.pdf Graphic file (type pdf)
<use Images/PI4.pdf, page 6>
Package pdftex.def Info: Images/PI4.pdf , page6 used on input line 272.
(pdftex.def)             Requested size: 597.7406pt x 844.45905pt.
File: Images/PI4.pdf Graphic file (type pdf)
<use Images/PI4.pdf, page 6>
Package pdftex.def Info: Images/PI4.pdf , page6 used on input line 272.
(pdftex.def)             Requested size: 597.7406pt x 844.45905pt.
File: Images/PI4.pdf Graphic file (type pdf)
<use Images/PI4.pdf, page 6>
Package pdftex.def Info: Images/PI4.pdf , page6 used on input line 272.
(pdftex.def)             Requested size: 597.7406pt x 844.45905pt.

[118

 <./Images/PI4.pdf>]
<Images/PI4.pdf, id=1726, page=7, 598.235pt x 845.1575pt>
File: Images/PI4.pdf Graphic file (type pdf)
<use Images/PI4.pdf, page 7>
Package pdftex.def Info: Images/PI4.pdf , page7 used on input line 272.
(pdftex.def)             Requested size: 597.7406pt x 844.45905pt.
File: Images/PI4.pdf Graphic file (type pdf)
<use Images/PI4.pdf, page 7>
Package pdftex.def Info: Images/PI4.pdf , page7 used on input line 272.
(pdftex.def)             Requested size: 597.7406pt x 844.45905pt.
File: Images/PI4.pdf Graphic file (type pdf)
<use Images/PI4.pdf, page 7>
Package pdftex.def Info: Images/PI4.pdf , page7 used on input line 272.
(pdftex.def)             Requested size: 597.7406pt x 844.45905pt.
 [119

 <./Images/PI4.pdf>]
<Images/PI5.pdf, id=1731, 598.235pt x 845.1575pt>
File: Images/PI5.pdf Graphic file (type pdf)
<use Images/PI5.pdf>
Package pdftex.def Info: Images/PI5.pdf  used on input line 274.
(pdftex.def)             Requested size: 598.23354pt x 845.15544pt.
File: Images/PI5.pdf Graphic file (type pdf)
<use Images/PI5.pdf>
Package pdftex.def Info: Images/PI5.pdf  used on input line 274.
(pdftex.def)             Requested size: 598.23354pt x 845.15544pt.
<Images/PI5.pdf, id=1734, page=1, 598.235pt x 845.1575pt>
File: Images/PI5.pdf Graphic file (type pdf)
<use Images/PI5.pdf, page 1>
Package pdftex.def Info: Images/PI5.pdf , page1 used on input line 274.
(pdftex.def)             Requested size: 598.23354pt x 845.15544pt.
File: Images/PI5.pdf Graphic file (type pdf)
<use Images/PI5.pdf, page 1>
Package pdftex.def Info: Images/PI5.pdf , page1 used on input line 274.
(pdftex.def)             Requested size: 597.7406pt x 844.45905pt.
File: Images/PI5.pdf Graphic file (type pdf)
<use Images/PI5.pdf, page 1>
Package pdftex.def Info: Images/PI5.pdf , page1 used on input line 274.
(pdftex.def)             Requested size: 597.7406pt x 844.45905pt.
File: Images/PI5.pdf Graphic file (type pdf)
<use Images/PI5.pdf, page 1>
Package pdftex.def Info: Images/PI5.pdf , page1 used on input line 274.
(pdftex.def)             Requested size: 597.7406pt x 844.45905pt.
File: Images/PI5.pdf Graphic file (type pdf)
<use Images/PI5.pdf, page 1>
Package pdftex.def Info: Images/PI5.pdf , page1 used on input line 274.
(pdftex.def)             Requested size: 597.7406pt x 844.45905pt.
 [120

 <./Images/PI5.pdf>]
<Images/PI5.pdf, id=1766, page=2, 598.235pt x 845.1575pt>
File: Images/PI5.pdf Graphic file (type pdf)
<use Images/PI5.pdf, page 2>
Package pdftex.def Info: Images/PI5.pdf , page2 used on input line 274.
(pdftex.def)             Requested size: 597.7406pt x 844.45905pt.
File: Images/PI5.pdf Graphic file (type pdf)
<use Images/PI5.pdf, page 2>
Package pdftex.def Info: Images/PI5.pdf , page2 used on input line 274.
(pdftex.def)             Requested size: 597.7406pt x 844.45905pt.
File: Images/PI5.pdf Graphic file (type pdf)
<use Images/PI5.pdf, page 2>
Package pdftex.def Info: Images/PI5.pdf , page2 used on input line 274.
(pdftex.def)             Requested size: 597.7406pt x 844.45905pt.

[121

 <./Images/PI5.pdf>]
<Images/PI5.pdf, id=1772, page=3, 598.235pt x 845.1575pt>
File: Images/PI5.pdf Graphic file (type pdf)
<use Images/PI5.pdf, page 3>
Package pdftex.def Info: Images/PI5.pdf , page3 used on input line 274.
(pdftex.def)             Requested size: 597.7406pt x 844.45905pt.
File: Images/PI5.pdf Graphic file (type pdf)
<use Images/PI5.pdf, page 3>
Package pdftex.def Info: Images/PI5.pdf , page3 used on input line 274.
(pdftex.def)             Requested size: 597.7406pt x 844.45905pt.
File: Images/PI5.pdf Graphic file (type pdf)
<use Images/PI5.pdf, page 3>
Package pdftex.def Info: Images/PI5.pdf , page3 used on input line 274.
(pdftex.def)             Requested size: 597.7406pt x 844.45905pt.
 [122

 <./Images/PI5.pdf>]
<Images/PI5.pdf, id=1778, page=4, 598.235pt x 845.1575pt>
File: Images/PI5.pdf Graphic file (type pdf)
<use Images/PI5.pdf, page 4>
Package pdftex.def Info: Images/PI5.pdf , page4 used on input line 274.
(pdftex.def)             Requested size: 597.7406pt x 844.45905pt.
File: Images/PI5.pdf Graphic file (type pdf)
<use Images/PI5.pdf, page 4>
Package pdftex.def Info: Images/PI5.pdf , page4 used on input line 274.
(pdftex.def)             Requested size: 597.7406pt x 844.45905pt.
File: Images/PI5.pdf Graphic file (type pdf)
<use Images/PI5.pdf, page 4>
Package pdftex.def Info: Images/PI5.pdf , page4 used on input line 274.
(pdftex.def)             Requested size: 597.7406pt x 844.45905pt.
 [123

 <./Images/PI5.pdf>]
<Images/PI5.pdf, id=1788, page=5, 598.235pt x 845.1575pt>
File: Images/PI5.pdf Graphic file (type pdf)
<use Images/PI5.pdf, page 5>
Package pdftex.def Info: Images/PI5.pdf , page5 used on input line 274.
(pdftex.def)             Requested size: 597.7406pt x 844.45905pt.
File: Images/PI5.pdf Graphic file (type pdf)
<use Images/PI5.pdf, page 5>
Package pdftex.def Info: Images/PI5.pdf , page5 used on input line 274.
(pdftex.def)             Requested size: 597.7406pt x 844.45905pt.
File: Images/PI5.pdf Graphic file (type pdf)
<use Images/PI5.pdf, page 5>
Package pdftex.def Info: Images/PI5.pdf , page5 used on input line 274.
(pdftex.def)             Requested size: 597.7406pt x 844.45905pt.

[124

 <./Images/PI5.pdf>]
<Images/PI5.pdf, id=1798, page=6, 598.235pt x 845.1575pt>
File: Images/PI5.pdf Graphic file (type pdf)
<use Images/PI5.pdf, page 6>
Package pdftex.def Info: Images/PI5.pdf , page6 used on input line 274.
(pdftex.def)             Requested size: 597.7406pt x 844.45905pt.
File: Images/PI5.pdf Graphic file (type pdf)
<use Images/PI5.pdf, page 6>
Package pdftex.def Info: Images/PI5.pdf , page6 used on input line 274.
(pdftex.def)             Requested size: 597.7406pt x 844.45905pt.
File: Images/PI5.pdf Graphic file (type pdf)
<use Images/PI5.pdf, page 6>
Package pdftex.def Info: Images/PI5.pdf , page6 used on input line 274.
(pdftex.def)             Requested size: 597.7406pt x 844.45905pt.
 [125

 <./Images/PI5.pdf>]
<Images/ComponentDiagram.png, id=1804, 1988.42876pt x 1446.40375pt>
File: Images/ComponentDiagram.png Graphic file (type png)
<use Images/ComponentDiagram.png>
Package pdftex.def Info: Images/ComponentDiagram.png  used on input line 281.
(pdftex.def)             Requested size: 426.79135pt x 310.44106pt.


Package fancyhdr Warning: \headheight is too small (14.0pt): 
(fancyhdr)                Make it at least 15.0pt, for example:
(fancyhdr)                \setlength{\headheight}{15.0pt}.
(fancyhdr)                You might also make \topmargin smaller to compensate:

(fancyhdr)                \addtolength{\topmargin}{-1.0pt}.

[126 <./Images/ComponentDiagram.png>]
<Images/UseCaseDiagram.png, id=1812, 1546.77875pt x 824.07875pt>
File: Images/UseCaseDiagram.png Graphic file (type png)
<use Images/UseCaseDiagram.png>
Package pdftex.def Info: Images/UseCaseDiagram.png  used on input line 289.
(pdftex.def)             Requested size: 426.79135pt x 227.3831pt.


Package fancyhdr Warning: \headheight is too small (14.0pt): 
(fancyhdr)                Make it at least 15.0pt, for example:
(fancyhdr)                \setlength{\headheight}{15.0pt}.
(fancyhdr)                You might also make \topmargin smaller to compensate:

(fancyhdr)                \addtolength{\topmargin}{-1.0pt}.

[127 <./Images/UseCaseDiagram.png>]
<Images/DanielSketch.jpg, id=1820, 1445.4pt x 813.0375pt>
File: Images/DanielSketch.jpg Graphic file (type jpg)
<use Images/DanielSketch.jpg>
Package pdftex.def Info: Images/DanielSketch.jpg  used on input line 301.
(pdftex.def)             Requested size: 426.79135pt x 240.06729pt.


Package fancyhdr Warning: \headheight is too small (14.0pt): 
(fancyhdr)                Make it at least 15.0pt, for example:
(fancyhdr)                \setlength{\headheight}{15.0pt}.
(fancyhdr)                You might also make \topmargin smaller to compensate:

(fancyhdr)                \addtolength{\topmargin}{-1.0pt}.

[128 <./Images/DanielSketch.jpg>]

pdfTeX warning: pdflatex (file ./Images/DominikSketch.pdf): PDF inclusion: foun
d PDF version <1.7>, but at most version <1.5> allowed
<Images/DominikSketch.pdf, id=1826, 597.55246pt x 845.07718pt>
File: Images/DominikSketch.pdf Graphic file (type pdf)
<use Images/DominikSketch.pdf>
Package pdftex.def Info: Images/DominikSketch.pdf  used on input line 307.
(pdftex.def)             Requested size: 597.551pt x 845.07512pt.


pdfTeX warning: pdflatex (file ./Images/DominikSketch.pdf): PDF inclusion: foun
d PDF version <1.7>, but at most version <1.5> allowed
File: Images/DominikSketch.pdf Graphic file (type pdf)
<use Images/DominikSketch.pdf>
Package pdftex.def Info: Images/DominikSketch.pdf  used on input line 307.
(pdftex.def)             Requested size: 597.551pt x 845.07512pt.


pdfTeX warning: pdflatex (file ./Images/DominikSketch.pdf): PDF inclusion: foun
d PDF version <1.7>, but at most version <1.5> allowed


pdfTeX warning: pdflatex (file ./Images/DominikSketch.pdf): PDF inclusion: foun
d PDF version <1.7>, but at most version <1.5> allowed
<Images/DominikSketch.pdf, id=1829, page=1, 597.55246pt x 845.07718pt>
File: Images/DominikSketch.pdf Graphic file (type pdf)
<use Images/DominikSketch.pdf, page 1>
Package pdftex.def Info: Images/DominikSketch.pdf , page1 used on input line 30
7.
(pdftex.def)             Requested size: 597.551pt x 845.07512pt.
File: Images/DominikSketch.pdf Graphic file (type pdf)
<use Images/DominikSketch.pdf, page 1>
Package pdftex.def Info: Images/DominikSketch.pdf , page1 used on input line 30
7.
(pdftex.def)             Requested size: 597.57834pt x 845.1138pt.

Package fancyhdr Warning: \headheight is too small (14.0pt): 
(fancyhdr)                Make it at least 15.0pt, for example:
(fancyhdr)                \setlength{\headheight}{15.0pt}.
(fancyhdr)                You might also make \topmargin smaller to compensate:

(fancyhdr)                \addtolength{\topmargin}{-1.0pt}.

[129]
File: Images/DominikSketch.pdf Graphic file (type pdf)
<use Images/DominikSketch.pdf, page 1>
Package pdftex.def Info: Images/DominikSketch.pdf , page1 used on input line 30
7.
(pdftex.def)             Requested size: 597.57834pt x 845.1138pt.
File: Images/DominikSketch.pdf Graphic file (type pdf)
<use Images/DominikSketch.pdf, page 1>
Package pdftex.def Info: Images/DominikSketch.pdf , page1 used on input line 30
7.
(pdftex.def)             Requested size: 597.57834pt x 845.1138pt.
File: Images/DominikSketch.pdf Graphic file (type pdf)
<use Images/DominikSketch.pdf, page 1>
Package pdftex.def Info: Images/DominikSketch.pdf , page1 used on input line 30
7.
(pdftex.def)             Requested size: 597.57834pt x 845.1138pt.
 [130

 <./Images/DominikSketch.pdf>]
<Images/MariaSketch.png, id=1849, 761.84625pt x 487.8225pt>
File: Images/MariaSketch.png Graphic file (type png)
<use Images/MariaSketch.png>
Package pdftex.def Info: Images/MariaSketch.png  used on input line 313.
(pdftex.def)             Requested size: 426.79135pt x 273.2755pt.


Package fancyhdr Warning: \headheight is too small (14.0pt): 
(fancyhdr)                Make it at least 15.0pt, for example:
(fancyhdr)                \setlength{\headheight}{15.0pt}.
(fancyhdr)                You might also make \topmargin smaller to compensate:

(fancyhdr)                \addtolength{\topmargin}{-1.0pt}.

[131 <./Images/MariaSketch.png>]
<Images/PavelSketch.png, id=1856, 932.73468pt x 998.9822pt>
File: Images/PavelSketch.png Graphic file (type png)
<use Images/PavelSketch.png>
Package pdftex.def Info: Images/PavelSketch.png  used on input line 321.
(pdftex.def)             Requested size: 426.79135pt x 457.09848pt.


Package fancyhdr Warning: \headheight is too small (14.0pt): 
(fancyhdr)                Make it at least 15.0pt, for example:
(fancyhdr)                \setlength{\headheight}{15.0pt}.
(fancyhdr)                You might also make \topmargin smaller to compensate:

(fancyhdr)                \addtolength{\topmargin}{-1.0pt}.

[132 <./Images/PavelSketch.png>]
<Images/ZojaSketch1.png, id=1864, 2160.07pt x 1542.76375pt>
File: Images/ZojaSketch1.png Graphic file (type png)
<use Images/ZojaSketch1.png>
Package pdftex.def Info: Images/ZojaSketch1.png  used on input line 329.
(pdftex.def)             Requested size: 426.79135pt x 304.80432pt.


Package fancyhdr Warning: \headheight is too small (14.0pt): 
(fancyhdr)                Make it at least 15.0pt, for example:
(fancyhdr)                \setlength{\headheight}{15.0pt}.
(fancyhdr)                You might also make \topmargin smaller to compensate:

(fancyhdr)                \addtolength{\topmargin}{-1.0pt}.

[133 <./Images/ZojaSketch1.png>]
<Images/ZojaSketch2.png, id=1870, 2505.36pt x 1631.09375pt>
File: Images/ZojaSketch2.png Graphic file (type png)
<use Images/ZojaSketch2.png>
Package pdftex.def Info: Images/ZojaSketch2.png  used on input line 336.
(pdftex.def)             Requested size: 426.79135pt x 277.8547pt.


Package fancyhdr Warning: \headheight is too small (14.0pt): 
(fancyhdr)                Make it at least 15.0pt, for example:
(fancyhdr)                \setlength{\headheight}{15.0pt}.
(fancyhdr)                You might also make \topmargin smaller to compensate:

(fancyhdr)                \addtolength{\topmargin}{-1.0pt}.

[134 <./Images/ZojaSketch2.png>]
<Images/ZojaSketch3.png, id=1876, 2166.0925pt x 1561.835pt>
File: Images/ZojaSketch3.png Graphic file (type png)
<use Images/ZojaSketch3.png>
Package pdftex.def Info: Images/ZojaSketch3.png  used on input line 343.
(pdftex.def)             Requested size: 426.79135pt x 307.7143pt.


Package fancyhdr Warning: \headheight is too small (14.0pt): 
(fancyhdr)                Make it at least 15.0pt, for example:
(fancyhdr)                \setlength{\headheight}{15.0pt}.
(fancyhdr)                You might also make \topmargin smaller to compensate:

(fancyhdr)                \addtolength{\topmargin}{-1.0pt}.

[135 <./Images/ZojaSketch3.png>]
<Images/ZojaSketch4.png, id=1882, 2196.205pt x 1574.88374pt>
File: Images/ZojaSketch4.png Graphic file (type png)
<use Images/ZojaSketch4.png>
Package pdftex.def Info: Images/ZojaSketch4.png  used on input line 350.
(pdftex.def)             Requested size: 426.79135pt x 306.03172pt.


Package fancyhdr Warning: \headheight is too small (14.0pt): 
(fancyhdr)                Make it at least 15.0pt, for example:
(fancyhdr)                \setlength{\headheight}{15.0pt}.
(fancyhdr)                You might also make \topmargin smaller to compensate:

(fancyhdr)                \addtolength{\topmargin}{-1.0pt}.

[136 <./Images/ZojaSketch4.png>]
<Images/ZojaSketch5.png, id=1888, 2380.895pt x 1576.89125pt>
File: Images/ZojaSketch5.png Graphic file (type png)
<use Images/ZojaSketch5.png>
Package pdftex.def Info: Images/ZojaSketch5.png  used on input line 357.
(pdftex.def)             Requested size: 426.79135pt x 282.64917pt.


Package fancyhdr Warning: \headheight is too small (14.0pt): 
(fancyhdr)                Make it at least 15.0pt, for example:
(fancyhdr)                \setlength{\headheight}{15.0pt}.
(fancyhdr)                You might also make \topmargin smaller to compensate:

(fancyhdr)                \addtolength{\topmargin}{-1.0pt}.

[137 <./Images/ZojaSketch5.png>]
<Images/ZoeSketch.png, id=1894, 970.3753pt x 577.40718pt>
File: Images/ZoeSketch.png Graphic file (type png)
<use Images/ZoeSketch.png>
Package pdftex.def Info: Images/ZoeSketch.png  used on input line 365.
(pdftex.def)             Requested size: 426.79135pt x 253.96303pt.
<Images/Architecture.png, id=1895, 557.08125pt x 278.54062pt>
File: Images/Architecture.png Graphic file (type png)
<use Images/Architecture.png>
Package pdftex.def Info: Images/Architecture.png  used on input line 373.
(pdftex.def)             Requested size: 298.75264pt x 149.37689pt.
<Images/HeatingArea.png, id=1896, 3244.12pt x 2208.25pt>
File: Images/HeatingArea.png Graphic file (type png)
<use Images/HeatingArea.png>
Package pdftex.def Info: Images/HeatingArea.png  used on input line 380.
(pdftex.def)             Requested size: 298.75264pt x 203.35016pt.


Package fancyhdr Warning: \headheight is too small (14.0pt): 
(fancyhdr)                Make it at least 15.0pt, for example:
(fancyhdr)                \setlength{\headheight}{15.0pt}.
(fancyhdr)                You might also make \topmargin smaller to compensate:

(fancyhdr)                \addtolength{\topmargin}{-1.0pt}.

[138 <./Images/ZoeSketch.png> <./Images/Architecture.png>]
<Images/SummerPeriod.png, id=1905, 709.14937pt x 441.90094pt>
File: Images/SummerPeriod.png Graphic file (type png)
<use Images/SummerPeriod.png>
Package pdftex.def Info: Images/SummerPeriod.png  used on input line 387.
(pdftex.def)             Requested size: 298.75264pt x 186.17027pt.
<Images/WinterPeriod.png, id=1906, 710.655pt x 442.65375pt>
File: Images/WinterPeriod.png Graphic file (type png)
<use Images/WinterPeriod.png>
Package pdftex.def Info: Images/WinterPeriod.png  used on input line 394.
(pdftex.def)             Requested size: 298.75264pt x 186.08891pt.


Package fancyhdr Warning: \headheight is too small (14.0pt): 
(fancyhdr)                Make it at least 15.0pt, for example:
(fancyhdr)                \setlength{\headheight}{15.0pt}.
(fancyhdr)                You might also make \topmargin smaller to compensate:

(fancyhdr)                \addtolength{\topmargin}{-1.0pt}.

[139 <./Images/HeatingArea.png> <./Images/SummerPeriod.png>]
<Images/RadioButtonStyle.png, id=1913, 764.8575pt x 638.385pt>
File: Images/RadioButtonStyle.png Graphic file (type png)
<use Images/RadioButtonStyle.png>
Package pdftex.def Info: Images/RadioButtonStyle.png  used on input line 405.
(pdftex.def)             Requested size: 426.79135pt x 356.21709pt.
<Images/ComboBoxStyle.png, id=1914, 764.8575pt x 315.1775pt>
File: Images/ComboBoxStyle.png Graphic file (type png)
<use Images/ComboBoxStyle.png>
Package pdftex.def Info: Images/ComboBoxStyle.png  used on input line 412.
(pdftex.def)             Requested size: 426.79135pt x 175.86818pt.
)

Package fancyhdr Warning: \headheight is too small (14.0pt): 
(fancyhdr)                Make it at least 15.0pt, for example:
(fancyhdr)                \setlength{\headheight}{15.0pt}.
(fancyhdr)                You might also make \topmargin smaller to compensate:

(fancyhdr)                \addtolength{\topmargin}{-1.0pt}.

[140 <./Images/WinterPeriod.png> <./Images/RadioButtonStyle.png>] (./main.bbl

Package fancyhdr Warning: \headheight is too small (14.0pt): 
(fancyhdr)                Make it at least 15.0pt, for example:
(fancyhdr)                \setlength{\headheight}{15.0pt}.
(fancyhdr)                You might also make \topmargin smaller to compensate:

(fancyhdr)                \addtolength{\topmargin}{-1.0pt}.

[141 <./Images/ComboBoxStyle.png>]) [142

] (./main.aux)
 ***********
LaTeX2e <2023-11-01> patch level 1
L3 programming layer <2024-01-22>
 ***********


LaTeX Font Warning: Some font shapes were not available, defaults substituted.

Package rerunfilecheck Info: File `main.out' has not changed.
(rerunfilecheck)             Checksum: FF2875B245171CCA0F8730FD768475C4;8878.
 ) 
Here is how much of TeX's memory you used:
 59630 strings out of 474222
 1351865 string characters out of 5748733
 1968384 words of memory out of 5000000
 80434 multiletter control sequences out of 15000+600000
 587507 words of font info for 188 fonts, out of 8000000 for 9000
 1141 hyphenation exceptions out of 8191
 110i,17n,117p,2344b,1353s stack positions out of 10000i,1000n,20000p,200000b,200000s

pdfTeX warning (dest): name{glo:xml} has been referenced but does not exist, re
placed by a fixed one


pdfTeX warning (dest): name{glo:dip} has been referenced but does not exist, re
placed by a fixed one


pdfTeX warning (dest): name{glo:isp} has been referenced but does not exist, re
placed by a fixed one


pdfTeX warning (dest): name{glo:lsp} has been referenced but does not exist, re
placed by a fixed one


pdfTeX warning (dest): name{glo:ocp} has been referenced but does not exist, re
placed by a fixed one


pdfTeX warning (dest): name{glo:srp} has been referenced but does not exist, re
placed by a fixed one


pdfTeX warning (dest): name{glo:xaml} has been referenced but does not exist, r
eplaced by a fixed one

</usr/share/texlive/texmf-dist/fonts/type1/public/hfbright/hfbrsy10.pfb></usr/s
hare/texmf/fonts/type1/public/cm-super/sfbbx10.pfb></usr/share/texmf/fonts/type
1/public/cm-super/sfbmo10.pfb></usr/share/texmf/fonts/type1/public/cm-super/sfb
mo17.pfb></usr/share/texmf/fonts/type1/public/cm-super/sfbmr10.pfb></usr/share/
texmf/fonts/type1/public/cm-super/sfbmr8.pfb></usr/share/texmf/fonts/type1/publ
ic/cm-super/sfbtl10.pfb></usr/share/texmf/fonts/type1/public/cm-super/sfrm1200.
pfb>
Output written on main.pdf (149 pages, 49487421 bytes).
PDF statistics:
 2049 PDF objects out of 2073 (max. 8388607)
 1475 compressed objects within 15 object streams
 313 named destinations out of 1000 (max. 500000)
 46820 words of extra memory for PDF output out of 51595 (max. 10000000)

